4,4,13,7,9,4,14,12,4,4,13,8
10,10,2,14,12,2,11,11,2,14,14,2
0,1,7,1,5,9,5,1,9,5,7,0
2,2,10,3,3,10,0,2,8,3,3,14
1,5,9,2,1,6,3,5,0,1,8,1
6,0,9,10,6,12,7,0,14,7,0,10
14,3,6,11,14,13,10,8,13,8,2,5
0,1,7,1,5,9,5,1,9,5,7,0
3,13,3,0,2,3,2,3,3,2,2,5
5,1,7,1,5,1,1,14,1,12,7,0
3,13,3,0,2,3,2,3,3,2,2,5
1,5,0,2,10,0,9,5,0,6,8,1
12,6,1,5,0,5,1,9,11,0,1,6
13,2,2,13,3,10,0,2,2,14,14,2
8,7,8,5,0,1,1,14,1,12,1,11
1,5,0,2,1,6,3,5,0,6,8,1
10,10,2,14,3,10,0,2,8,14,14,2
0,1,7,1,5,1,1,14,1,5,7,0
8,7,5,9,5,1,5,14,9,5,7,9
12,6,8,5,0,5,13,9,11,0,1,11
0,1,7,1,5,9,5,1,9,5,7,0
3,13,3,11,14,13,2,3,3,8,9,3
4,8,4,4,4,7,4,4,10,9,4,4
2,2,10,3,3,10,0,2,8,14,14,14
1,5,0,2,10,0,9,5,0,6,8,1
12,6,1,5,0,5,13,9,11,12,1,6
12,6,8,6,11,11,6,7,5,13,6,11
1,5,0,2,10,0,3,5,0,6,8,1
2,2,10,13,12,2,11,11,2,14,3,14
3,13,3,11,14,13,10,8,3,8,2,5
2,2,10,3,3,10,0,2,8,3,3,14
0,1,7,1,5,1,5,14,9,5,7,0
0,1,7,1,5,9,5,1,9,5,7,0
6,0,9,8,6,12,7,13,14,1,0,12
6,0,9,2,1,6,3,13,6,1,0,12
2,2,10,3,3,10,0,2,8,3,3,14
1,5,0,8,1,6,3,13,6,1,0,1
0,1,7,1,5,9,5,1,9,5,7,0
3,13,3,0,2,3,2,3,3,2,2,5
1,5,0,2,10,0,9,5,0,6,8,1
1,5,0,2,10,0,9,5,0,6,8,1
0,1,7,1,5,9,5,1,9,5,7,0
2,2,10,3,3,10,0,2,8,3,3,14
0,1,7,1,5,9,5,1,9,5,7,0
14,13,6,11,14,13,10,3,13,8,2,5
6,0,9,8,1,6,3,5,6,1,0,1
5,1,7,5,0,1,13,9,1,12,1,6
12,6,8,6,11,5,13,7,11,0,1,11
0,1,7,1,5,9,5,1,9,5,7,0
5,6,1,5,0,1,13,9,11,12,1,6
1,5,0,2,10,0,9,5,0,6,0,12
13,2,2,13,12,2,11,11,2,14,14,2
1,5,0,2,10,0,9,5,0,6,8,1
2,2,10,3,3,10,0,2,8,3,3,14
1,5,0,8,10,6,3,13,6,1,0,12
6,0,9,8,1,6,3,13,0,6,8,1
4,8,4,4,4,7,4,4,10,9,4,4
6,0,9,8,6,12,7,13,14,1,0,12
3,13,3,0,14,13,10,8,13,8,2,5
3,13,3,11,14,13,10,3,13,8,2,5
2,2,10,3,3,10,0,2,8,3,3,14
2,2,10,3,3,10,0,2,8,3,3,14
1,5,0,2,10,0,9,5,0,6,8,1
4,4,13,7,9,4,14,4,4,4,13,8
3,13,3,0,14,3,10,8,3,2,2,5
4,4,13,7,9,4,14,12,4,4,13,8
3,13,3,0,2,3,2,3,3,2,2,5
12,6,1,6,11,11,6,7,5,0,6,11
3,13,3,0,2,3,2,3,3,2,2,5
1,5,0,2,10,0,9,5,0,6,0,12
6,0,9,8,1,6,3,13,6,1,0,12
3,13,3,0,2,3,2,3,3,2,2,5
6,0,9,8,1,6,3,5,6,1,8,1
0,1,7,1,5,9,5,1,9,5,7,0
3,13,3,0,14,3,2,8,3,2,2,5
1,5,0,2,10,0,9,5,0,6,8,1
3,13,3,0,2,3,2,3,3,2,2,5
5,1,7,1,5,1,5,14,1,12,1,6
5,1,1,5,0,1,1,9,11,12,1,6
13,2,2,13,12,2,11,11,2,14,14,2
6,0,9,8,1,6,3,13,6,1,0,12
5,1,7,1,5,9,5,1,9,5,7,0
4,4,13,7,9,4,14,12,4,4,13,8
1,5,0,2,1,6,9,5,0,1,0,1
6,0,9,8,1,6,3,13,6,1,0,12
1,5,0,2,10,0,9,5,0,6,8,1
1,5,0,2,10,0,9,5,0,6,8,1
0,1,7,1,5,1,1,14,1,12,7,6
1,5,0,2,10,0,9,5,0,6,8,1
5,1,7,1,5,1,5,1,1,5,1,0
8,11,8,9,8,5,13,9,11,10,10,9
5,1,1,5,0,1,1,9,11,12,1,6
1,5,0,8,1,6,3,13,6,1,0,1
1,5,0,8,1,6,3,13,6,1,8,1
5,1,7,1,5,1,1,1,9,5,7,0
2,2,10,3,3,10,0,2,8,3,3,14
6,0,9,2,1,6,3,13,6,1,0,12
2,2,10,3,12,2,11,2,2,14,3,14
1,5,0,2,10,0,9,5,6,6,8,1
0,1,7,1,5,9,5,1,9,5,7,0
0,1,7,1,5,9,5,1,9,5,7,0
2,2,10,3,3,10,0,2,8,3,3,14
13,2,2,13,12,2,11,11,2,14,14,2
1,5,0,2,10,0,9,5,0,6,8,1
2,2,10,3,12,2,11,11,2,14,14,14
0,1,7,1,5,9,5,1,1,5,7,0
1,5,0,8,1,6,3,13,6,1,0,1
5,1,1,5,0,5,1,9,1,5,7,6
1,5,0,2,10,0,9,5,0,6,8,1
5,6,1,5,0,9,5,1,9,5,1,6
1,5,0,2,10,0,9,5,0,6,8,1
3,13,3,0,2,3,2,3,3,2,2,5
1,5,0,2,10,0,9,5,0,6,8,1
1,5,0,2,1,6,9,5,0,6,8,1
0,1,7,1,5,9,5,1,9,5,7,0
5,1,7,5,0,1,1,9,1,5,1,6
1,5,0,2,1,6,3,13,6,1,0,12
1,5,0,2,10,0,9,5,0,6,8,1
1,5,0,2,1,0,9,5,6,1,0,1
2,2,10,3,3,10,0,2,2,14,3,14
0,1,7,1,5,1,1,14,1,12,7,0
1,5,0,2,10,0,9,5,0,6,8,1
13,2,2,13,12,2,11,11,2,14,14,2
1,5,0,2,10,0,9,5,0,6,8,1
5,1,1,5,0,5,13,9,11,12,1,6
0,1,7,1,5,9,1,1,9,12,7,0
5,6,1,1,0,1,1,1,1,12,1,6
1,5,0,8,1,6,9,5,6,1,0,1
6,0,9,8,1,6,3,13,14,1,0,12
0,1,7,1,5,9,5,1,9,5,7,0
3,13,3,0,14,13,10,8,13,8,2,5
1,5,0,2,10,0,9,5,0,6,8,1
0,1,7,1,5,9,5,1,9,5,7,6
1,5,0,2,10,6,3,5,6,6,8,1
1,5,0,2,10,0,9,5,0,6,8,1
1,5,0,2,10,0,9,5,0,6,8,1
14,3,6,11,13,13,10,8,13,8,9,3
4,4,13,4,4,4,4,4,4,9,13,8
6,0,9,8,1,6,7,5,6,1,8,1
1,5,0,2,10,0,9,5,0,6,8,1
1,5,0,8,1,6,3,13,6,1,8,1
14,3,6,11,13,13,10,8,13,8,9,3
14,3,6,11,13,13,10,8,13,8,9,3
3,13,3,0,2,3,2,3,3,2,2,5
1,0,9,8,10,0,9,5,0,6,8,12
6,0,9,8,1,6,7,13,6,1,0,12
0,1,7,1,5,9,5,1,9,5,7,0
0,1,7,1,5,9,5,1,9,5,7,0
3,13,3,0,14,13,2,8,3,2,2,5
2,2,10,3,3,10,0,2,8,3,3,14
5,6,1,5,0,5,13,9,11,0,1,6
1,5,0,2,10,6,3,5,0,6,8,1
6,0,9,2,1,6,3,5,6,1,8,12
0,1,7,1,5,9,5,1,9,5,7,0
6,5,0,8,1,12,7,13,14,1,0,12
6,5,0,8,1,6,3,13,6,1,0,12
5,6,1,5,0,5,13,9,11,0,1,6
3,13,3,0,14,3,2,3,3,2,2,5
0,1,7,1,5,9,5,1,9,5,7,0
2,2,10,3,3,10,0,2,8,3,3,14
2,2,10,3,3,10,0,2,8,3,3,14
0,1,7,1,5,9,5,1,9,5,7,0
12,6,1,5,0,1,1,9,11,0,1,6
6,5,0,8,1,6,3,13,6,1,8,12
5,1,7,1,5,1,1,14,1,12,7,6
12,6,1,5,0,5,13,9,11,0,1,11
5,1,1,1,5,9,5,1,9,5,7,6
5,1,7,5,5,9,5,1,9,5,7,0
0,1,7,1,5,1,1,14,1,12,7,0
5,1,1,5,5,1,1,14,1,12,1,6
2,2,10,3,3,10,0,2,8,3,3,14
0,1,7,1,5,9,5,14,1,12,7,0
11,11,8,6,11,11,6,7,5,13,6,11
0,1,7,1,5,9,5,1,9,5,7,0
12,6,1,5,0,1,1,9,1,12,1,6
5,6,1,5,0,5,1,9,1,12,1,6
8,7,5,9,8,9,1,14,1,10,10,9
13,2,2,13,12,2,11,11,2,14,14,14
1,5,0,2,10,0,9,5,0,6,8,1
0,1,7,1,5,9,5,1,9,5,7,0
2,2,10,3,3,10,0,2,8,3,3,14
0,1,7,1,5,9,5,14,1,5,7,0
2,2,10,3,3,10,0,2,2,14,14,14
1,5,0,2,10,0,9,5,0,1,8,1
0,1,1,5,0,1,1,14,9,12,1,6
11,11,8,9,0,5,13,14,9,0,10,6
0,1,7,1,5,9,5,1,9,5,7,0
4,4,13,4,4,4,14,4,4,9,13,8
0,1,7,1,5,9,5,1,9,5,7,0
12,6,8,5,0,1,5,14,1,12,1,6
5,6,1,5,0,1,1,14,1,12,1,6
2,2,10,3,12,2,11,2,2,14,3,14
0,1,7,1,5,9,5,1,9,5,7,0
8,7,5,9,8,1,1,14,1,10,10,9
0,1,7,1,5,1,1,14,9,5,7,0
2,2,10,3,3,10,0,2,8,3,3,14
0,1,7,1,5,9,5,14,9,5,7,0
2,2,10,3,3,10,0,2,8,3,3,14
1,5,0,2,10,6,3,5,6,6,8,1
1,5,0,2,1,6,3,13,6,1,8,1
3,13,3,0,2,3,2,3,3,2,2,5
0,1,7,1,5,1,1,14,1,5,7,0
0,1,7,5,5,1,5,9,1,12,1,6
1,5,0,2,10,0,9,5,0,6,8,1
1,5,0,2,10,0,9,5,0,6,8,1
0,1,7,1,5,9,5,1,9,5,7,0
2,2,10,3,12,2,11,11,8,3,3,14
0,1,7,1,5,9,5,1,9,5,7,0
0,1,7,1,5,9,5,1,9,5,7,0
0,1,7,1,5,1,1,14,1,12,7,6
5,1,1,5,0,1,1,14,1,12,1,6
5,1,1,5,0,1,1,9,1,12,7,6
1,5,0,2,1,6,3,13,6,1,0,1
2,2,10,3,3,10,0,2,8,3,3,14
2,2,10,3,3,10,0,2,8,3,3,14
0,1,7,1,5,9,5,1,9,5,7,0
0,1,7,1,5,9,5,1,9,5,7,0
5,6,1,5,0,1,1,9,11,12,1,6
1,5,0,2,10,0,9,5,0,6,8,1
0,1,1,5,0,1,1,14,1,12,7,6
14,3,6,0,14,3,2,3,13,8,9,3
0,1,7,1,5,9,5,1,9,5,7,0
1,5,0,2,10,0,9,5,0,6,8,1
0,1,7,1,5,1,1,14,1,5,7,0
0,1,7,1,5,9,5,1,9,5,7,0
6,5,9,8,1,6,3,13,6,1,0,12
1,5,0,2,10,0,9,5,0,6,8,1
5,1,7,5,0,1,1,14,1,5,7,0
5,1,7,1,0,1,1,14,1,12,1,6
3,13,3,0,14,3,10,3,13,8,2,3
5,1,7,1,5,1,1,14,1,12,1,6
1,5,0,2,1,6,3,13,6,1,8,1
0,1,7,1,5,9,5,1,9,5,7,0
0,1,7,1,5,9,5,1,9,5,7,0
0,1,7,1,5,9,5,1,9,5,7,0
1,5,0,8,1,6,3,13,6,1,0,12
1,5,0,2,10,0,9,5,0,6,8,1
12,6,8,6,11,5,13,7,5,13,6,11
1,5,0,2,10,0,9,5,0,6,8,1
2,2,10,3,3,10,0,2,8,14,3,14
0,1,7,1,5,9,5,1,9,5,7,0
8,7,5,9,8,1,1,14,1,10,10,9
2,2,10,3,3,10,11,11,2,14,3,14
2,2,10,3,3,10,0,2,8,3,3,14
2,2,10,3,3,10,0,2,8,3,3,14
0,1,7,1,5,9,5,1,9,5,7,0
13,2,10,13,12,2,11,11,2,14,14,2
1,5,0,2,10,0,9,5,0,6,8,1
2,2,10,3,3,10,0,2,8,3,3,14
3,13,3,0,2,3,2,3,3,2,2,5
4,8,4,4,4,4,4,4,4,4,4,4
2,2,10,3,3,10,0,2,8,3,3,14
2,2,10,3,3,10,0,2,8,3,3,14
3,13,3,0,2,3,2,3,3,2,2,5
12,6,1,5,0,5,13,9,11,0,1,6
5,6,1,5,5,9,5,1,9,5,1,6
0,1,7,1,5,9,5,1,9,5,7,0
12,6,8,6,11,11,6,7,5,13,6,11
1,5,0,2,10,0,3,5,0,6,8,1
0,1,7,1,5,9,5,1,9,5,7,0
2,2,10,3,3,10,0,2,8,3,3,14
6,0,9,8,6,6,3,13,14,1,0,12
6,0,9,8,1,6,3,13,6,1,8,12
5,1,7,5,5,1,1,1,1,12,1,6
12,6,8,6,0,5,1,9,11,0,1,11
0,1,7,1,5,9,5,1,9,5,7,0
5,6,1,5,0,1,5,14,1,12,1,6
3,13,3,0,14,3,10,8,3,2,2,5
6,0,9,8,6,12,7,13,14,1,0,12
2,2,10,3,12,2,0,11,2,3,3,14
2,2,10,3,3,10,0,2,8,3,3,14
5,1,1,5,0,1,1,14,11,0,1,6
2,2,10,3,12,2,11,2,2,14,3,14
1,5,0,2,10,6,3,5,0,6,8,1
3,13,3,0,2,3,2,3,3,2,2,5
1,5,0,2,10,0,9,5,0,6,8,1
12,6,8,5,0,5,13,7,11,0,1,11
2,2,10,13,12,2,11,11,2,14,3,14
3,13,3,11,14,3,2,3,3,2,2,5
3,13,3,0,2,3,2,3,3,2,2,5
0,1,7,1,5,9,5,1,9,5,7,0
0,1,7,1,5,9,5,1,9,5,7,0
3,13,3,11,14,13,10,8,13,8,2,5
1,5,0,2,1,6,3,5,6,1,8,1
3,13,3,0,2,3,2,3,3,2,2,5
0,1,7,1,5,9,5,1,9,5,7,0
6,0,9,8,1,12,7,13,6,1,0,12
0,1,7,1,5,9,5,1,1,5,7,0
1,5,0,2,10,0,9,5,0,6,8,1
0,1,7,1,5,9,5,1,9,5,7,0
0,1,7,1,5,9,5,14,1,12,1,0
5,1,7,1,5,9,5,14,9,5,1,6
5,1,7,5,0,1,1,9,1,12,7,6
2,2,10,13,12,2,11,11,2,14,3,14
5,1,7,1,0,9,1,9,1,12,1,6
0,1,7,1,5,9,1,14,1,12,1,6
2,2,10,3,3,10,0,2,8,3,3,14
2,2,10,3,3,10,0,2,8,3,3,14
3,13,3,0,2,3,2,3,3,2,2,5
0,1,7,1,5,1,1,14,1,5,7,0
4,4,13,7,9,4,14,12,4,4,13,8
0,1,7,1,5,9,5,14,9,5,7,0
6,0,9,8,6,12,3,13,14,1,0,12
1,5,0,2,10,0,9,5,0,6,8,1
6,0,9,8,10,0,9,5,0,6,0,12
5,1,1,5,0,1,1,14,1,12,7,6
13,2,2,13,12,2,11,11,2,14,14,2
0,1,7,1,5,9,1,14,9,5,7,0
3,13,3,0,2,3,2,8,3,2,2,5
1,5,0,2,10,0,9,5,0,6,8,1
4,8,4,4,4,4,4,6,4,9,4,4
1,5,0,8,1,6,3,13,6,1,0,1
1,5,0,2,10,0,9,5,0,6,8,1
2,2,10,3,3,10,0,2,8,3,3,14
2,2,10,3,3,10,0,2,8,3,3,14
4,4,13,7,9,4,14,12,4,4,13,8
9,9,9,10,6,14,12,0,14,7,0,12
14,3,6,11,13,13,10,8,13,8,9,3
6,0,9,8,6,12,7,13,14,1,0,12
0,1,7,1,5,9,5,1,9,5,7,0
1,5,0,2,10,0,9,5,0,6,8,1
13,2,2,13,12,2,11,11,2,14,14,2
2,2,10,3,3,2,11,11,2,3,3,14
7,12,4,4,7,8,8,6,10,11,4,7
3,13,3,0,2,3,2,3,3,2,2,5
0,1,7,1,5,9,5,1,9,5,7,0
1,5,0,2,10,0,9,5,0,6,8,1
3,13,3,11,14,13,10,8,13,8,9,3
3,13,3,0,2,3,2,3,3,2,2,5
7,8,4,4,4,7,4,4,10,9,11,7
2,2,10,13,12,2,11,11,2,3,3,14
2,2,10,3,3,10,0,2,8,3,3,14
0,1,7,1,5,9,5,14,1,12,7,6
3,13,3,11,14,13,10,8,13,8,9,3
2,2,10,3,3,10,0,2,8,3,3,14
13,2,2,13,12,2,11,11,2,14,14,14
1,5,0,2,10,0,9,5,0,6,8,1
2,2,10,3,3,10,0,2,8,3,3,14
13,2,2,13,12,2,0,2,2,14,14,14
3,13,3,0,2,3,2,3,3,2,2,5
2,2,10,3,3,10,0,2,8,3,3,14
1,5,0,2,1,0,3,5,6,6,8,1
1,5,0,2,10,0,3,5,0,6,8,1
1,5,0,2,1,6,3,5,6,6,8,1
3,13,3,0,14,3,2,3,3,2,2,5
1,5,0,2,10,0,9,5,0,6,8,1
12,6,8,1,5,9,5,1,9,5,7,6
3,13,3,0,2,3,2,3,3,2,2,5
13,2,10,13,12,2,11,11,2,14,3,14
3,13,3,0,2,3,2,3,3,2,2,5
5,1,1,5,0,1,1,9,11,12,7,6
5,1,1,5,0,1,13,14,1,0,1,6
1,5,0,2,10,0,9,5,0,6,8,1
1,5,0,8,1,6,3,13,6,1,8,1
2,2,10,3,3,10,0,2,8,3,3,14
0,1,7,1,5,1,13,14,1,12,7,0
14,3,6,11,2,3,2,3,3,2,9,3
3,13,3,0,2,3,2,3,3,2,2,5
5,1,7,1,5,9,5,1,9,5,7,0
5,1,1,5,0,1,1,9,11,12,1,6
2,2,10,3,12,10,0,11,8,3,3,14
14,3,6,11,14,3,2,3,13,2,9,3
4,4,13,7,4,4,4,4,4,9,13,8
5,1,1,5,0,1,1,9,1,12,1,6
1,5,0,2,10,0,9,5,0,6,8,1
1,0,9,2,10,6,3,5,6,6,8,1
5,1,7,1,5,9,5,14,1,12,7,6
6,0,9,8,1,12,3,13,14,7,0,12
6,0,9,8,10,6,9,5,6,6,8,1
14,3,6,11,14,3,2,3,3,2,2,3
2,2,10,3,3,10,0,2,8,3,3,14
5,1,7,5,0,1,1,14,1,12,1,6
1,5,0,2,10,0,9,5,6,6,8,1
2,2,10,3,3,10,0,2,8,3,3,14
6,0,9,8,6,12,3,13,6,1,0,12
0,1,7,1,5,9,5,1,9,12,6,11
2,2,10,3,3,10,0,2,8,3,3,14
3,13,3,0,2,3,2,3,3,2,2,5
3,13,3,0,2,3,2,3,3,2,2,5
6,0,9,8,6,12,7,13,14,7,0,12
3,13,3,0,2,3,2,3,3,2,2,5
5,1,7,1,5,9,1,14,1,5,7,0
3,13,3,11,14,13,10,8,13,8,9,3
3,13,3,0,2,3,2,3,3,2,2,5
12,1,1,5,0,1,13,9,11,0,1,6
3,13,3,11,14,3,10,8,3,8,9,3
3,13,3,0,2,3,2,3,3,2,2,5
1,5,0,2,10,0,9,5,0,6,8,1
1,5,0,2,10,6,3,5,6,6,8,1
6,0,9,2,10,0,9,5,0,6,8,1
5,1,7,1,5,9,5,14,1,5,7,6
6,0,9,8,1,6,3,13,6,1,0,12
2,2,10,3,3,10,0,2,8,3,3,14
1,5,0,2,10,0,9,5,0,6,8,1
5,1,7,5,0,1,1,9,11,12,1,6
4,4,13,7,9,4,14,12,4,4,13,8
1,5,0,2,10,0,9,5,0,6,8,1
5,6,7,5,0,5,6,7,11,0,1,0
3,13,3,0,2,3,2,3,3,2,2,5
2,2,10,3,3,10,0,2,8,3,3,14
12,6,8,6,11,11,6,7,5,13,6,11
1,5,0,2,10,6,3,5,0,6,8,1
1,5,0,2,10,0,9,5,0,6,8,1
2,2,10,3,3,10,11,11,2,14,14,2
5,1,7,5,0,1,1,1,1,12,1,6
3,13,3,0,2,3,2,3,3,2,2,5
4,4,13,7,9,4,14,12,4,4,13,8
2,2,10,3,3,10,0,2,8,3,3,14
12,6,1,5,0,5,13,9,11,0,6,11
3,3,6,11,14,13,10,8,13,8,9,3
1,5,0,8,1,6,3,13,6,1,8,1
6,0,9,2,10,0,9,5,0,6,8,1
14,3,6,0,14,3,2,3,3,2,2,5
1,5,0,2,1,6,3,13,6,1,0,1
0,1,7,1,5,9,1,14,9,5,7,0
3,13,3,0,2,3,2,3,3,2,2,5
0,1,7,1,5,9,5,1,9,5,7,0
3,13,3,0,2,3,10,3,3,2,2,5
6,0,9,8,1,6,3,13,6,7,0,12
5,6,1,5,0,1,1,14,11,12,1,6
2,2,10,3,3,10,0,2,2,3,3,14
0,1,7,1,5,1,1,14,1,12,7,0
13,2,2,13,12,2,11,11,2,14,14,2
4,4,13,7,9,4,14,12,4,4,13,8
0,1,7,1,5,9,5,1,9,5,7,0
2,2,10,3,3,10,0,2,8,14,3,14
0,1,7,1,5,1,1,14,1,12,7,0
2,2,10,3,3,10,0,2,8,3,3,14
5,6,1,5,0,1,1,9,1,12,1,6
3,13,3,11,14,3,10,8,13,8,2,5
2,2,10,3,3,10,0,2,8,3,3,14
0,1,7,1,5,1,1,1,1,12,7,0
0,1,7,1,0,1,1,14,1,12,7,0
2,2,10,3,3,10,0,2,8,3,3,14
2,2,10,3,3,10,0,2,8,3,3,14
3,13,3,0,2,3,2,3,3,2,2,5
5,1,7,1,5,1,1,14,1,12,1,6
0,1,7,1,5,9,5,1,9,5,7,0
4,4,13,7,9,4,14,12,4,4,13,8
1,5,0,2,10,0,9,5,0,6,8,1
2,2,10,3,3,10,0,2,8,3,3,14
1,5,0,2,10,0,9,5,0,6,8,1
0,1,7,1,5,9,5,1,9,5,7,0
4,4,13,7,4,4,14,4,10,9,4,4
3,13,3,0,2,3,2,3,3,2,2,5
12,6,1,5,11,5,13,7,5,0,1,11
2,2,10,3,3,10,0,2,8,3,3,14
0,1,7,1,5,9,5,1,9,5,1,6
1,5,0,2,10,0,9,5,0,6,8,1
6,0,9,8,1,6,3,13,6,1,0,12
2,2,10,3,3,10,0,2,8,3,3,14
6,0,9,8,1,6,3,5,6,1,0,12
3,13,3,0,2,3,2,3,3,2,2,5
3,13,3,0,14,13,10,8,3,2,2,5
1,5,0,8,1,6,3,13,6,1,0,1
4,4,13,7,9,4,14,12,4,4,13,8
1,5,0,8,1,6,3,13,6,1,8,1
1,5,0,2,1,6,9,5,6,6,0,1
14,3,3,11,14,13,10,8,13,8,2,5
0,1,7,1,5,9,5,1,9,5,7,0
14,3,6,11,14,13,10,8,13,8,9,3
1,5,0,2,10,6,3,13,6,6,8,1
12,6,1,5,0,1,1,14,11,12,1,11
1,5,0,2,10,0,9,5,0,6,8,1
14,3,6,11,13,13,10,3,13,8,9,3
0,1,7,1,5,9,1,14,1,5,7,6
4,4,13,7,9,4,14,12,4,4,13,8
3,13,3,0,2,3,2,3,3,2,2,5
2,2,10,3,3,10,0,2,8,3,3,14
5,1,1,5,0,5,13,9,11,0,1,6
1,5,0,2,1,6,3,13,6,1,0,1
5,1,1,5,0,5,13,9,11,12,1,6
1,5,0,2,1,0,9,5,0,6,8,1
3,13,3,11,14,13,10,8,13,8,9,3
3,13,3,0,2,3,2,3,3,2,2,5
3,13,3,11,14,3,10,8,13,8,2,3
6,0,9,8,1,6,3,5,0,1,0,12
6,0,9,8,1,6,3,13,14,1,0,12
2,2,10,13,12,2,11,2,8,14,3,14
0,1,7,1,5,9,5,1,9,5,7,0
2,2,10,3,3,2,11,2,2,3,3,14
5,6,1,5,0,1,1,14,1,12,1,6
3,13,3,0,2,3,2,3,3,2,2,5
2,2,10,3,3,10,0,2,8,3,3,14
1,5,0,2,10,0,9,5,0,6,8,1
12,6,1,5,0,9,5,1,9,12,1,11
3,13,3,0,2,3,2,3,3,2,2,5
2,2,10,3,3,10,0,2,8,3,3,14
1,5,0,2,10,0,9,5,0,6,8,1
12,6,8,6,11,11,13,7,5,0,1,11
6,0,9,8,1,6,3,5,6,1,0,12
6,0,9,8,1,6,3,5,6,1,8,1
5,6,1,5,0,1,13,9,11,12,1,6
3,13,3,11,14,13,10,8,13,8,9,3
2,2,10,3,3,10,0,2,8,3,3,14
2,2,10,3,3,10,0,2,8,3,3,14
0,1,7,1,5,9,5,1,9,5,7,0
3,13,3,11,14,3,10,8,13,8,2,5
2,2,10,3,3,10,0,2,8,3,3,14
1,5,0,2,10,0,9,5,0,6,8,1
5,1,7,1,5,1,1,14,1,12,7,0
1,5,0,2,10,6,3,13,6,1,0,12
1,5,0,2,10,0,9,5,0,6,8,1
6,0,9,8,1,6,3,5,6,1,0,12
12,6,1,5,0,5,1,9,11,12,1,6
13,2,2,13,12,2,0,2,8,14,14,2
2,2,10,3,3,10,0,2,8,3,3,14
2,2,10,3,3,10,0,2,8,3,3,14
12,6,8,5,0,5,13,9,11,0,6,11
3,13,3,0,14,3,2,3,3,2,2,5
5,1,1,5,0,1,1,14,1,12,7,6
6,0,9,8,6,12,7,13,14,7,0,12
1,5,0,2,1,6,3,13,6,1,8,1
4,8,13,4,4,4,4,4,4,9,13,8
0,1,7,1,5,9,5,1,9,5,7,0
6,0,9,8,6,6,7,13,14,1,0,12
0,1,7,1,5,1,1,14,1,5,7,0
2,2,2,13,12,2,11,11,2,14,14,2
6,0,9,2,1,6,3,5,0,1,0,12
6,0,9,8,6,6,3,13,6,1,0,12
1,5,0,2,10,0,9,5,0,6,8,1
1,5,0,2,10,0,9,5,0,6,8,1
2,2,10,3,3,10,11,2,8,3,3,14
11,11,8,6,0,5,13,9,11,0,6,11
2,2,10,3,3,10,0,2,8,3,3,14
1,5,0,2,10,0,9,5,0,6,8,1
2,2,10,13,12,2,11,2,2,14,3,14
2,2,10,3,3,10,0,2,8,3,3,14
6,0,9,8,1,6,3,13,6,1,0,12
2,2,10,3,3,10,0,2,8,3,3,14
3,13,3,0,14,13,10,8,3,2,2,5
6,0,9,10,6,12,7,0,12,7,0,12
5,1,7,5,0,1,1,14,1,12,1,6
13,2,2,13,12,2,0,2,8,3,14,14
4,4,13,7,9,4,4,4,4,4,13,8
0,1,7,1,5,1,1,14,1,5,7,0
2,2,10,3,3,10,0,2,8,3,3,14
3,13,3,0,2,3,2,3,3,2,2,5
2,2,10,3,12,2,11,11,8,3,3,14
1,5,0,2,10,0,9,5,0,6,8,1
0,1,7,1,5,9,5,1,9,5,7,0
5,6,1,5,0,5,13,7,5,0,1,11
0,1,7,1,5,9,5,1,9,5,7,0
1,5,0,2,10,0,9,5,0,6,8,1
0,1,7,1,0,5,1,1,9,12,1,6
9,9,12,8,6,14,12,0,12,7,12,10
0,1,7,1,0,1,1,14,1,12,7,0
1,5,0,2,10,0,9,5,0,6,8,1
1,5,0,2,10,0,9,5,0,6,8,1
0,1,7,1,5,9,5,1,9,5,7,0
0,1,7,1,5,1,1,14,1,5,7,0
3,13,3,0,2,3,2,3,3,2,2,5
13,2,2,13,12,2,11,11,2,14,14,2
1,5,0,2,10,0,9,5,0,6,8,1
5,1,1,1,0,1,13,9,9,12,7,6
1,5,0,2,1,6,3,5,6,1,8,1
6,0,9,10,6,12,7,13,14,7,0,12
6,0,9,8,1,6,3,13,6,1,0,12
2,2,10,3,3,10,0,2,8,3,3,14
1,5,0,2,10,0,9,5,0,6,8,1
0,1,7,1,5,1,1,14,1,5,7,0
0,1,7,1,0,9,5,14,1,12,1,6
2,2,10,3,3,10,0,2,8,3,3,14
2,2,10,3,3,10,0,2,8,3,3,14
3,13,3,0,2,3,2,3,3,2,2,5
2,2,10,3,3,10,0,2,8,3,3,14
2,2,10,3,3,10,0,2,8,3,3,14
9,0,9,10,6,12,7,0,14,7,12,10
3,13,3,0,2,3,2,3,3,2,2,5
3,13,3,0,2,3,2,3,3,2,2,5
2,2,10,3,3,10,0,2,8,3,3,14
13,2,2,3,3,10,0,2,8,3,14,2
1,5,0,2,10,0,9,5,0,6,8,1
3,13,3,0,14,3,2,8,3,2,9,5
0,1,7,1,5,9,5,14,9,5,7,0
5,1,7,1,5,1,1,14,1,5,7,6
13,2,2,13,12,2,11,11,2,14,14,14
12,6,8,6,0,5,13,9,11,0,1,11
2,2,10,3,3,10,0,2,8,3,3,14
9,9,12,10,6,14,7,0,12,7,12,10
2,2,10,3,3,10,11,2,2,3,3,14
2,2,10,3,3,10,0,2,8,3,3,14
5,1,1,5,5,9,5,1,9,5,7,0
13,2,2,13,12,2,11,11,2,14,14,14
2,2,10,3,3,10,0,2,8,3,3,14
0,1,7,1,5,9,5,1,9,5,7,0
6,0,9,8,6,12,7,13,14,7,0,12
2,2,10,13,12,2,11,11,2,14,3,14
13,2,10,13,12,2,11,11,2,14,3,14
2,2,10,13,12,2,11,11,2,14,3,14
5,1,7,5,0,1,1,14,1,12,1,6
0,1,7,1,5,9,5,14,9,5,7,0
3,13,6,11,14,13,10,8,13,8,9,3
1,5,0,2,10,0,9,5,0,6,8,1
2,2,10,3,3,10,0,2,8,3,3,14
3,13,3,0,2,3,2,3,3,2,2,5
5,6,1,5,0,1,13,9,11,0,1,6
2,2,10,3,12,2,11,11,2,3,3,14
3,13,3,0,2,3,2,3,3,2,2,5
5,6,1,5,0,1,13,9,11,0,1,6
3,13,3,0,2,3,2,3,3,2,2,5
1,5,0,2,10,0,9,5,0,6,8,1
1,5,0,2,10,0,9,5,0,6,8,1
2,2,10,3,3,10,0,2,8,3,3,14
5,1,7,1,5,1,1,14,1,12,7,0
6,5,9,8,1,6,3,13,6,1,0,12
0,1,7,1,0,1,1,14,1,5,7,0
6,0,9,8,10,0,9,5,0,6,0,12
5,6,1,5,0,1,1,14,1,12,1,6
2,2,10,3,3,10,0,2,8,3,3,14
14,3,6,11,2,3,2,3,3,2,9,3
2,2,10,3,3,10,0,2,8,3,3,14
1,5,0,2,10,0,9,5,0,6,8,1
6,0,9,8,1,6,3,13,6,1,0,1
2,2,10,3,3,10,0,2,8,3,3,14
14,3,6,11,2,3,2,3,3,8,9,3
5,6,1,5,0,1,1,14,1,12,1,6
2,2,10,3,3,10,0,2,8,3,3,14
2,2,10,3,3,10,0,2,8,3,3,14
14,13,3,11,14,13,10,8,13,8,9,3
2,2,10,3,3,10,0,2,8,3,3,14
0,1,7,5,5,1,1,14,1,12,1,0
5,1,7,5,5,9,5,14,9,5,7,0
3,13,3,0,2,13,10,8,3,8,2,5
3,13,3,0,2,3,2,8,3,2,2,5
3,13,3,0,14,3,2,3,13,2,2,5
0,1,7,1,5,1,1,14,1,12,7,0
3,13,3,0,2,3,2,3,3,2,2,5
1,5,0,2,10,0,9,5,0,6,8,1
0,1,7,1,0,1,1,14,1,12,7,6
1,0,9,8,1,12,7,13,14,1,0,12
3,13,3,0,2,3,2,3,3,2,2,5
3,13,3,0,14,13,10,8,13,8,2,5
2,2,10,3,3,10,0,2,8,3,3,14
0,1,7,1,5,9,5,1,9,5,7,0
13,2,10,13,12,2,11,11,2,14,3,14
0,1,7,1,5,9,5,1,9,5,7,0
13,2,10,3,3,10,0,2,8,3,3,14
5,1,1,5,0,1,1,9,1,12,1,6
1,5,0,2,10,0,9,5,0,6,8,1
4,4,13,7,9,4,14,12,4,4,13,8
0,1,7,1,5,1,1,14,1,5,7,0
7,12,11,12,7,7,4,4,10,11,11,7
2,2,10,3,12,2,11,11,2,3,3,14
0,1,7,1,5,9,5,1,9,5,7,0
1,5,0,2,10,0,9,5,0,6,8,1
0,1,1,1,5,9,5,1,1,12,1,6
2,2,10,3,3,10,0,2,8,3,3,14
0,1,7,1,5,1,1,14,1,5,7,0
0,1,7,1,5,1,1,14,1,12,7,0
3,13,3,0,2,3,2,3,3,2,2,5
11,11,8,6,0,5,13,14,5,12,6,13
2,2,10,3,3,10,0,2,2,14,3,14
5,1,1,5,0,1,1,14,1,12,7,6
13,2,10,13,12,10,0,2,2,3,3,14
2,2,10,13,12,2,11,11,2,14,3,14
1,5,0,2,10,0,9,5,0,6,8,1
6,0,9,8,1,6,3,13,6,1,0,12
1,5,0,2,10,0,9,5,0,6,8,1
0,1,7,1,5,9,5,1,9,5,1,0
14,3,6,11,14,13,10,8,13,8,9,3
2,2,10,3,3,10,0,2,8,3,3,14
3,13,3,0,2,3,2,3,3,2,2,5
5,1,7,1,5,9,5,1,9,5,7,0
3,13,3,11,14,13,10,8,13,8,9,3
0,1,7,1,5,9,5,14,9,5,7,6
3,13,3,0,2,3,2,3,3,2,2,5
1,5,0,2,10,0,9,5,0,6,8,1
3,13,3,0,14,3,2,3,3,2,2,5
2,2,10,3,3,10,0,2,8,3,3,14
2,2,10,13,12,10,11,11,2,3,3,14
0,1,7,1,5,9,5,14,1,5,7,0
14,3,6,11,13,13,10,8,13,8,9,3
2,2,10,3,3,2,11,11,2,3,3,14
0,1,7,1,5,9,5,1,1,5,7,0
14,3,6,11,14,13,10,8,13,8,9,3
1,5,0,2,10,0,9,5,0,6,8,1
11,11,8,6,11,11,6,7,5,11,5,13
0,1,7,1,5,9,5,1,9,5,7,0
2,2,10,3,3,10,0,2,8,3,3,14
14,3,3,0,2,3,2,3,3,2,2,5
1,5,0,2,10,0,9,5,0,6,8,1
1,5,0,2,10,0,9,5,0,6,8,1
3,13,3,0,2,3,2,3,3,2,2,5
2,2,10,3,3,2,11,11,2,3,3,14
1,5,0,2,10,6,3,13,6,6,8,12
2,2,10,3,3,10,0,2,8,3,3,14
6,0,9,8,1,6,3,13,6,1,0,12
5,6,1,5,0,5,1,9,1,12,7,6
0,1,7,1,5,9,5,1,9,5,7,0
3,13,3,0,14,3,2,3,13,8,2,5
2,2,10,3,3,10,0,2,2,3,3,14
1,0,0,8,1,6,3,13,6,1,0,1
1,5,0,2,10,0,9,5,0,6,8,1
2,2,10,3,3,10,0,2,8,3,3,14
5,6,1,5,0,5,13,9,11,0,1,6
0,1,7,1,5,9,5,1,9,5,7,0
2,2,10,3,3,10,0,2,8,3,3,14
2,2,10,3,3,10,0,2,8,3,3,14
6,0,9,8,6,12,7,13,14,7,0,12
0,1,7,1,5,9,5,1,9,5,7,0
1,5,0,2,10,0,9,5,0,6,8,1
3,13,3,0,2,3,2,3,3,2,2,5
1,5,0,2,10,0,9,5,0,6,8,1
1,5,0,2,10,0,9,5,0,6,8,1
6,0,9,8,10,0,9,5,6,6,0,12
4,4,13,4,9,4,4,4,4,4,13,8
12,6,8,6,11,11,6,7,5,13,6,13
1,5,0,2,10,0,3,5,6,1,0,12
5,1,1,5,0,5,1,9,11,12,1,6
2,2,10,3,3,10,0,2,8,3,3,14
1,5,0,2,10,0,9,5,0,6,8,1
0,1,7,1,5,9,5,1,9,5,7,0
1,5,0,2,10,0,9,5,0,6,8,1
1,5,0,2,10,0,9,5,0,6,8,1
1,5,0,2,10,0,9,5,0,6,8,1
6,0,9,8,1,6,3,5,6,1,0,12
2,2,2,3,3,10,0,2,8,3,3,14
1,5,0,2,10,0,9,5,0,6,8,1
2,2,10,3,3,10,0,11,2,14,3,14
4,4,13,4,4,4,14,4,4,9,13,8
1,5,0,2,10,0,9,5,0,6,8,1
2,2,10,3,3,10,0,2,8,3,3,14
0,1,7,1,5,9,5,1,9,5,7,0
1,5,0,2,10,0,9,5,0,6,8,1
2,2,10,3,3,10,0,2,8,3,3,14
5,6,1,5,0,11,6,7,11,12,1,6
3,13,3,11,14,13,10,8,13,8,2,5
2,2,10,3,12,2,11,11,2,3,3,14
2,2,10,3,3,10,0,2,8,3,3,14
1,5,0,2,10,0,3,5,0,6,8,1
2,2,10,3,3,10,0,2,8,3,3,14
0,1,7,1,5,9,5,1,9,5,7,0
1,5,0,2,10,0,9,5,0,6,8,1
1,5,0,8,1,0,9,5,0,6,8,1
1,5,0,2,10,0,9,5,0,6,8,1
5,1,1,5,0,1,1,9,1,12,7,6
6,0,9,8,1,6,3,13,6,1,0,1
3,13,3,0,2,3,2,3,3,2,2,5
1,5,0,2,1,6,3,13,6,1,8,1
1,5,0,2,10,0,9,5,0,6,8,1
4,4,13,7,9,4,14,12,4,4,13,8
12,6,1,6,11,11,6,7,7,11,5,13
2,2,10,3,3,10,0,2,8,3,3,14
1,5,0,2,10,0,9,5,0,6,8,1
0,1,7,1,5,1,1,9,1,12,7,0
14,3,6,11,13,13,10,8,13,8,9,3
14,3,6,11,14,13,10,8,13,8,9,3
0,1,7,1,5,9,5,1,9,5,7,0
3,13,3,0,14,3,2,3,13,8,2,3
1,5,0,2,10,0,9,5,0,6,8,1
0,1,7,1,5,9,5,1,9,5,7,0
2,2,10,13,12,2,0,2,2,14,14,14
2,2,10,3,3,10,0,2,8,3,3,14
0,1,7,1,5,9,5,1,9,5,7,0
2,2,10,3,3,10,0,2,8,3,3,14
3,13,3,0,2,3,2,3,3,2,2,5
3,13,3,11,14,13,10,8,13,8,9,3
0,1,7,1,5,9,5,1,9,5,7,0
2,2,10,3,3,10,0,2,8,3,3,14
0,1,7,1,5,9,5,1,9,5,7,0
6,0,9,8,1,6,3,13,0,1,0,12
3,3,6,11,14,3,10,8,13,8,2,5
1,5,0,2,10,0,9,5,0,6,8,1
6,0,9,8,1,6,3,13,6,6,8,1
5,1,1,5,0,1,1,14,1,12,1,6
0,1,7,1,5,1,1,14,1,12,7,0
0,1,7,1,5,9,5,1,9,5,7,0
2,2,10,3,3,10,0,2,8,3,3,14
5,1,7,1,5,9,5,1,1,12,7,6
1,5,0,2,10,0,9,5,0,6,8,1
0,1,7,1,5,9,5,1,9,5,7,0
4,4,13,7,9,4,4,12,4,4,13,8
3,13,3,0,2,3,2,3,3,2,2,5
2,2,10,3,3,10,0,2,8,3,3,14
5,1,1,5,0,5,1,9,11,12,1,6
1,5,0,2,1,6,3,13,6,1,8,1
0,1,7,1,5,9,5,1,9,5,7,0
14,3,6,11,13,13,10,8,13,8,9,3
1,5,0,2,1,0,3,13,6,1,8,1
2,2,10,3,3,10,0,2,8,3,3,14
0,1,7,1,5,9,5,1,9,5,7,0
3,13,3,0,2,3,2,3,3,2,2,5
2,2,10,3,3,10,0,2,8,3,3,14
6,0,9,8,1,6,3,13,6,1,0,1
1,5,0,2,10,0,9,5,0,6,8,1
3,13,3,0,2,3,2,3,3,2,2,5
4,8,4,4,4,4,4,4,10,9,13,4
1,5,0,2,10,0,9,5,0,6,8,1
3,13,6,0,2,3,2,3,3,2,2,5
1,5,0,2,10,0,9,5,0,6,8,1
2,2,10,3,12,2,11,11,2,14,3,14
4,4,13,7,9,4,14,12,4,4,13,8
2,2,10,3,3,2,0,2,8,3,3,14
6,0,9,2,1,6,3,5,6,1,0,12
5,1,1,5,0,1,1,14,1,12,1,6
0,1,7,5,0,1,5,1,1,5,7,0
3,13,3,0,14,3,2,3,3,2,2,5
0,1,7,1,0,1,1,14,1,12,1,6
1,5,0,8,1,6,3,13,6,1,0,1
3,13,3,0,14,3,2,8,3,2,2,5
0,1,7,1,5,9,5,1,9,5,7,0
2,2,10,3,3,10,0,2,8,3,3,14
2,2,10,3,3,10,0,2,8,3,3,14
0,1,7,1,5,9,5,14,9,12,7,0
5,1,7,1,5,1,1,14,9,12,7,6
0,1,7,1,5,9,5,1,9,5,7,0
1,5,0,2,10,6,9,5,0,1,8,1
2,2,10,3,3,10,0,2,8,3,3,14
5,6,1,5,5,9,5,1,9,5,7,0
1,5,0,2,10,0,9,5,0,6,8,1
5,6,1,5,0,5,13,9,11,0,1,6
4,4,13,7,9,4,14,12,4,4,13,8
1,5,0,2,1,6,3,13,6,1,8,1
5,1,7,5,0,1,1,14,11,12,1,6
5,6,1,5,5,1,1,14,1,12,7,0
1,5,0,2,10,0,9,5,0,6,8,1
2,2,10,3,3,10,0,2,8,3,3,14
0,1,7,1,5,9,5,1,9,5,7,0
1,5,0,2,10,0,9,5,0,6,8,1
2,2,10,3,3,10,0,2,8,3,3,14
5,1,1,5,0,5,1,9,11,12,1,6
1,5,0,2,10,0,9,5,0,6,8,1
14,3,6,0,2,3,2,3,3,2,2,5
2,2,10,13,12,2,11,11,2,14,14,14
3,13,3,0,2,3,2,3,3,2,2,5
1,5,0,2,10,0,9,5,0,6,8,1
3,13,3,0,2,3,2,3,3,2,2,5
11,6,8,6,11,11,6,7,5,13,6,11
1,5,0,2,10,0,9,5,0,6,8,1
3,13,3,0,14,3,10,8,13,8,2,5
3,13,3,0,2,3,2,3,3,2,2,5
14,3,6,11,13,13,10,8,13,8,9,3
4,4,13,7,9,4,14,12,4,4,13,8
1,5,0,2,10,0,9,5,0,6,8,1
1,5,0,2,1,6,3,5,6,1,0,12
1,5,0,2,10,0,9,5,0,6,8,1
3,13,3,0,14,3,2,8,3,2,2,5
1,5,0,2,10,0,9,5,0,6,8,1
2,2,10,3,3,10,0,2,8,3,3,14
1,5,0,2,10,0,9,5,0,6,8,1
0,1,1,1,5,9,5,1,9,5,7,0
5,1,7,5,0,1,1,9,1,5,7,6
0,1,7,1,5,9,5,1,9,5,7,0
5,6,1,5,0,1,13,9,11,0,1,11
2,2,10,3,3,10,0,2,8,3,3,14
0,1,7,1,5,9,5,1,9,5,7,0
5,1,7,1,0,1,1,1,1,0,1,6
4,8,4,4,4,4,4,4,4,9,4,4
3,13,3,0,14,13,10,8,3,2,2,5
0,1,7,1,5,1,1,14,1,12,7,0
11,6,8,6,11,11,6,7,5,13,6,11
5,6,1,1,5,9,1,14,1,5,7,0
0,1,7,1,5,9,5,1,9,5,7,0
5,6,1,1,5,9,5,1,1,12,1,6
0,1,7,1,5,1,1,14,1,5,7,0
3,13,3,0,2,3,2,3,3,2,2,5
5,1,1,1,5,1,1,9,1,12,1,6
0,1,7,1,0,11,6,14,11,13,6,0
6,0,9,8,1,12,3,13,14,1,0,12
14,3,6,11,14,13,2,3,13,8,9,3
1,5,0,2,10,0,9,5,0,6,8,1
0,1,7,1,5,9,5,1,9,5,7,0
2,2,10,3,3,10,0,2,8,3,3,14
4,4,13,4,9,4,14,12,4,4,13,8
2,2,10,3,12,2,11,2,2,3,3,14
1,5,0,2,1,6,3,13,6,1,8,1
0,1,7,1,5,1,1,14,1,12,7,0
4,4,13,7,9,4,14,12,4,4,13,8
5,1,1,5,0,5,13,9,1,12,7,6
1,5,0,2,10,0,9,5,0,6,8,1
5,6,7,5,0,9,5,14,1,5,7,6
5,6,1,5,0,1,1,14,11,12,1,11
1,5,0,2,10,0,9,5,0,6,8,1
2,2,10,3,3,10,11,11,2,14,3,14
6,0,9,8,6,12,7,13,14,1,0,12
2,2,10,3,3,10,11,11,8,14,3,14
14,3,6,11,14,3,2,3,3,2,2,5
3,13,3,0,2,3,2,3,3,2,2,5
0,1,7,1,5,9,5,1,9,12,1,6
3,13,3,0,2,3,2,3,3,2,2,5
2,2,10,3,3,10,0,2,8,3,3,14
2,2,10,3,3,10,0,2,8,3,3,14
2,2,10,13,12,2,11,11,2,14,3,14
5,6,1,5,0,5,1,1,11,0,1,6
12,6,8,5,0,5,1,9,11,0,1,11
6,0,9,8,1,12,3,13,6,1,0,12
2,2,10,3,3,10,0,2,8,3,3,14
3,13,3,0,14,3,10,8,13,2,2,3
1,5,0,2,10,0,9,5,0,6,8,1
6,0,9,8,1,6,3,13,6,1,0,12
6,0,9,8,1,6,3,13,14,1,0,12
11,11,8,6,0,5,13,9,11,12,6,11
0,1,7,1,5,1,1,14,1,5,7,0
2,2,10,3,3,10,0,2,8,3,3,14
12,6,1,5,0,5,1,9,11,0,1,11
3,13,3,0,14,13,10,8,13,8,2,5
4,8,4,4,4,7,4,4,10,9,4,4
3,13,3,0,14,3,2,3,3,2,2,5
13,2,10,13,12,2,11,11,2,14,3,14
1,0,9,8,1,12,3,5,6,1,8,12
3,13,3,11,14,13,10,8,13,8,2,3
0,1,7,1,5,9,5,1,9,5,7,0
1,5,0,2,10,0,9,5,0,6,8,1
1,5,0,2,1,6,3,13,6,1,8,1
3,13,3,0,14,3,10,8,3,2,2,5
13,2,2,13,12,2,11,11,2,14,14,14
0,1,7,1,5,9,5,1,9,5,7,0
13,2,2,13,12,2,11,11,2,14,14,2
6,9,9,10,6,12,7,13,14,1,12,10
13,2,2,13,12,2,11,11,2,14,14,2
14,3,6,11,14,13,10,8,13,8,9,3
1,5,0,2,10,0,9,5,0,6,8,1
3,13,3,0,2,3,2,3,3,2,2,5
0,1,7,1,5,9,5,1,9,5,7,0
14,13,6,11,14,13,10,8,13,8,9,3
1,5,0,2,10,0,9,5,0,6,8,1
2,2,10,3,3,10,0,2,8,3,3,14
6,0,9,8,1,6,3,13,6,1,0,12
3,13,3,0,14,3,2,3,13,2,2,5
13,2,2,13,12,2,11,11,2,14,14,14
3,13,6,0,2,3,2,3,3,2,2,5
2,2,10,3,3,10,0,2,8,3,3,14
5,1,7,1,0,1,5,14,1,5,7,0
0,1,7,1,5,9,5,1,9,5,7,0
6,0,9,8,1,6,7,13,14,1,0,12
3,13,3,11,14,13,10,8,13,8,2,5
4,4,13,7,9,4,14,12,4,4,13,8
1,5,0,2,10,0,9,5,6,1,8,1
1,5,0,2,1,6,9,5,6,1,8,12
0,1,7,1,5,9,5,1,9,5,7,0
1,5,0,2,10,0,9,5,0,6,8,1
1,5,0,2,10,0,9,5,0,6,8,1
0,1,7,1,5,9,5,1,9,5,7,0
2,2,10,3,3,10,0,2,8,3,3,14
2,2,10,3,3,10,0,2,8,3,3,14
14,3,6,11,14,3,10,3,3,8,2,5
1,0,9,2,1,6,3,13,6,1,8,1
0,1,7,1,5,9,5,1,9,5,7,0
2,2,10,3,3,10,0,2,8,3,3,14
9,9,12,8,1,0,9,5,6,1,12,10
5,1,1,5,0,1,1,14,1,12,1,6
2,2,10,3,3,10,0,2,8,3,3,14
1,5,0,2,10,0,9,5,0,6,8,1
4,4,13,4,4,7,4,4,10,9,4,4
0,1,7,1,5,9,5,1,9,5,7,0
12,6,1,6,11,11,6,7,5,13,6,11
3,3,6,11,14,13,10,8,13,8,2,5
3,13,3,0,14,13,10,8,13,8,2,3
0,1,7,1,5,9,5,1,9,5,7,0
2,2,10,3,12,2,11,2,8,3,3,14
2,2,10,3,3,10,11,2,8,3,3,14
3,13,3,0,2,3,2,3,3,2,2,5
5,6,1,5,0,5,13,9,11,0,1,6
0,1,7,1,5,9,5,1,9,5,7,0
6,0,9,2,10,0,9,5,0,6,0,12
3,13,3,0,2,3,2,3,3,2,2,5
3,13,3,11,14,13,10,8,13,8,2,5
2,2,10,3,3,10,0,2,8,3,3,14
0,1,7,1,5,9,5,1,9,12,7,0
6,5,0,2,1,6,3,13,6,1,0,12
13,2,2,13,12,2,11,11,2,14,14,2
4,4,13,7,9,4,14,12,4,4,13,8
1,0,9,10,6,12,7,13,14,1,0,12
1,5,0,2,10,0,9,5,0,6,8,1
11,11,8,6,11,11,13,9,5,13,6,13
5,6,1,5,0,9,5,14,1,12,1,6
13,2,2,13,12,2,11,11,2,14,14,2
12,11,8,6,11,5,13,9,9,0,6,11
0,1,7,1,5,1,1,14,1,12,7,0
4,8,13,4,9,4,14,4,4,4,13,8
0,1,7,1,5,9,5,1,9,5,7,0
12,6,1,5,0,5,13,9,11,0,1,6
2,2,10,3,3,10,0,2,8,3,3,14
0,1,7,1,5,1,1,14,1,5,7,0
1,5,0,2,1,6,3,13,6,1,0,1
5,1,7,5,0,1,13,9,1,12,7,6
1,5,0,8,1,6,3,13,6,1,0,12
0,1,7,1,5,9,5,1,9,5,7,0
6,0,9,8,1,6,3,13,14,1,0,12
5,6,1,5,0,5,1,9,11,12,1,6
3,13,3,0,14,13,10,8,13,8,2,5
1,5,0,8,1,6,3,5,0,6,8,1
1,5,0,2,10,0,9,5,0,6,8,1
0,1,7,1,0,1,1,14,1,12,7,6
3,13,3,0,2,3,2,3,3,2,2,5
4,8,4,4,4,7,4,4,10,9,4,4
0,1,7,1,5,9,5,1,9,5,7,0
2,2,10,3,3,10,0,2,8,3,3,14
9,9,12,10,7,14,7,0,12,7,12,10
3,13,3,0,2,3,2,3,3,2,2,5
13,2,2,13,3,10,0,2,2,14,14,2
5,1,1,5,0,5,1,9,11,12,1,6
14,3,6,11,13,13,10,8,13,8,9,3
2,2,10,3,12,2,0,2,2,14,3,14
5,1,1,5,0,1,1,9,1,12,1,6
1,5,0,2,10,0,9,5,0,6,8,1
6,0,9,10,6,6,3,13,14,1,12,12
1,5,0,2,10,0,9,5,0,6,8,1
6,0,9,8,1,12,3,13,14,1,0,12
13,2,2,13,12,2,11,11,2,14,14,14
6,0,9,8,1,6,3,13,6,1,8,1
6,0,9,8,6,12,7,13,14,1,0,12
2,2,10,3,3,10,0,2,8,3,3,14
12,11,8,6,11,1,5,14,1,12,1,11
5,1,7,5,0,1,1,14,1,12,1,6
2,2,10,3,3,10,0,2,8,3,3,14
1,5,0,2,1,6,3,5,6,1,0,1
6,0,9,8,1,6,3,13,6,1,0,1
6,0,12,10,6,12,7,0,12,7,12,12
1,5,9,2,1,6,3,13,6,1,8,1
6,0,9,8,1,6,3,13,6,6,8,12
5,6,1,5,0,5,13,9,11,12,1,6
3,13,3,0,2,3,2,3,3,2,2,5
3,13,3,0,2,3,2,3,3,2,2,5
2,2,10,3,3,10,0,2,8,3,3,14
5,1,1,5,0,1,1,14,1,12,1,6
0,1,7,1,5,9,5,1,9,5,7,0
6,0,9,8,6,12,3,13,14,7,12,10
1,5,0,2,10,0,9,5,0,6,8,1
0,1,7,1,5,9,5,1,9,5,7,0
9,9,12,10,6,12,3,13,14,1,12,10
0,1,7,1,5,9,5,14,1,5,7,0
13,2,2,13,3,2,0,2,2,3,14,2
0,1,7,1,5,9,5,1,9,5,7,0
6,0,9,8,1,12,3,13,6,1,0,1
0,1,7,1,5,9,5,1,9,5,7,0
3,13,3,0,2,3,2,3,3,2,2,5
2,2,10,3,3,10,0,2,8,3,3,14
6,0,9,8,1,6,3,13,14,1,0,12
4,4,13,7,9,4,14,12,4,4,13,8
12,6,1,5,0,5,13,9,11,0,1,6
2,2,10,3,3,10,11,2,2,14,3,14
3,13,3,0,2,3,2,3,3,2,2,5
2,2,10,3,3,10,11,11,2,14,14,14
2,2,10,13,12,2,11,2,8,3,3,14
2,2,10,3,3,10,0,2,8,14,3,14
6,0,9,8,10,0,9,5,0,6,0,12
2,2,10,3,3,10,0,2,8,3,3,14
3,13,3,0,2,3,2,3,3,2,2,5
1,5,0,2,10,0,9,5,0,6,8,1
2,2,10,3,3,2,0,11,2,3,3,14
0,1,7,1,5,9,5,1,9,5,7,0
0,1,7,1,5,9,5,1,9,5,7,0
6,0,9,8,6,12,3,5,6,7,0,12
6,0,9,8,1,6,3,13,6,1,0,12
12,6,1,5,11,11,6,7,5,13,6,13
2,2,10,3,3,10,0,2,8,3,3,14
14,3,6,11,13,13,10,8,13,8,9,3
14,3,6,11,14,3,2,3,3,8,9,3
5,1,7,1,5,1,1,14,1,12,7,6
5,1,1,5,0,1,1,14,1,12,7,6
2,2,10,3,3,10,0,2,8,3,3,14
3,13,3,0,2,3,2,3,3,2,2,5
14,3,6,11,13,13,10,8,13,8,9,3
1,5,0,2,10,0,9,5,0,6,8,1
2,2,10,3,3,2,11,11,2,3,3,14
1,5,0,2,10,6,3,5,6,6,8,1
13,2,2,13,12,2,11,11,2,14,14,2
1,5,0,2,10,0,9,5,0,6,8,1
1,5,0,2,10,6,3,5,0,6,8,1
3,13,3,0,14,13,10,8,3,8,2,5
2,2,10,3,3,10,0,2,8,3,3,14
0,1,7,1,5,9,5,1,9,5,7,0
13,2,2,13,12,2,11,11,2,14,14,14
0,1,7,1,5,9,5,1,9,5,7,0
3,13,3,0,2,3,2,3,3,2,2,5
1,5,0,2,10,0,9,5,0,6,8,1
1,5,0,2,1,6,3,13,6,6,8,1
3,13,3,0,2,3,2,3,3,2,2,5
4,8,4,4,4,4,14,12,4,4,13,4
2,2,10,3,3,10,0,2,8,3,3,14
12,6,1,6,11,5,13,14,1,0,1,6
2,2,10,3,3,10,0,2,8,3,3,14
13,2,2,13,12,2,11,11,2,14,14,2
1,5,0,2,10,0,9,5,6,1,0,12
0,1,7,1,5,9,5,1,9,5,7,0
1,5,0,2,1,6,3,13,6,1,8,1
2,2,10,3,3,10,0,2,8,3,3,14
14,3,6,11,14,13,10,8,13,8,9,3
6,0,9,8,1,12,3,13,14,1,0,12
5,1,1,5,0,1,1,9,11,12,1,6
1,5,0,2,10,0,9,5,0,6,8,1
0,1,7,1,5,9,5,1,9,5,7,0
2,2,10,13,12,2,11,11,2,14,14,14
0,1,7,1,5,1,1,14,1,12,7,0
0,1,7,1,5,9,5,1,9,5,7,0
12,6,1,5,5,9,1,14,1,12,7,6
2,2,10,3,3,10,0,2,8,3,3,14
3,13,3,0,2,3,2,8,13,8,2,3
6,0,0,8,1,6,3,13,6,1,8,12
3,13,3,0,14,3,2,3,3,2,2,5
3,13,3,0,2,3,2,3,3,2,2,5
2,2,10,3,3,10,0,2,8,3,3,14
2,2,10,3,3,10,0,2,8,3,3,14
3,13,3,0,14,13,2,3,13,8,2,5
0,1,7,1,5,9,5,1,9,5,7,0
6,5,0,2,10,6,9,5,0,6,8,1
1,5,0,2,1,6,3,13,6,6,8,1
13,2,10,13,12,2,11,11,2,14,3,14
0,1,7,1,5,9,5,1,9,5,7,0
14,3,6,11,13,13,10,8,13,8,9,3
1,5,0,2,10,0,9,5,6,6,8,1
1,5,0,8,1,6,3,13,6,1,0,1
0,1,7,1,5,9,5,14,1,5,7,0
1,5,0,2,10,0,9,5,0,6,8,1
3,13,3,0,2,3,2,3,3,2,2,5
1,5,0,2,10,0,9,5,0,6,8,1
3,13,3,0,14,3,2,3,13,2,2,5
1,5,0,2,10,0,9,5,0,6,8,1
5,1,1,5,0,5,1,14,1,12,7,6
2,2,10,3,3,10,0,2,8,3,3,14
3,13,3,0,14,13,10,3,13,8,2,5
12,6,1,5,0,5,13,9,11,0,1,6
4,4,13,7,9,4,14,12,4,4,13,8
0,1,7,1,5,9,5,1,9,5,7,0
1,5,0,2,10,0,9,5,0,6,8,1
0,1,7,1,5,9,5,1,9,5,7,0
0,1,7,1,5,9,5,1,9,5,7,0
0,1,7,1,5,9,5,1,9,5,7,0
1,5,0,2,10,0,9,5,0,6,8,1
4,4,13,4,4,4,4,4,4,9,13,8
3,13,3,0,2,3,2,3,3,2,2,5
5,1,1,1,5,1,1,14,1,12,1,6
1,5,0,2,10,0,9,5,0,6,8,1
0,1,7,1,5,9,5,1,9,5,7,0
1,5,0,2,10,0,9,5,0,6,8,1
3,13,3,0,2,3,2,3,3,2,2,5
11,11,8,6,11,11,13,9,5,0,6,11
5,1,7,1,5,1,1,14,1,12,7,0
0,1,7,1,5,9,5,1,9,5,7,0
14,3,6,11,14,13,10,8,13,8,9,3
14,3,6,11,14,13,2,3,13,8,9,3
13,2,10,13,12,2,11,11,2,14,3,14
1,5,0,2,10,0,9,5,0,6,8,1
14,3,6,11,13,13,10,8,13,8,9,3
4,4,13,7,9,4,14,12,4,4,13,8
4,8,4,4,4,4,14,12,4,9,4,4
0,1,7,1,5,9,5,1,9,5,7,0
6,0,9,8,6,12,3,13,14,7,0,12
2,2,10,3,12,10,0,2,2,14,14,2
12,6,1,5,5,9,5,14,9,12,1,6
1,5,0,2,10,0,9,5,0,6,8,1
0,1,7,1,5,9,5,1,9,5,7,0
3,13,3,0,2,3,2,3,3,2,2,5
2,2,10,3,3,2,11,11,2,14,3,14
12,6,1,5,5,9,5,1,9,5,1,6
0,1,7,1,5,9,5,1,9,5,7,0
2,2,10,3,3,10,0,2,8,3,3,14
0,1,7,1,5,9,5,1,9,5,7,0
6,0,9,8,6,12,7,13,14,1,0,12
1,5,0,2,1,6,3,5,6,1,8,1
3,13,3,0,2,3,2,3,3,2,2,5
4,4,13,7,9,4,14,12,4,4,13,8
0,1,7,1,5,9,5,1,9,5,7,0
5,1,7,5,0,1,1,9,11,12,1,6
2,2,10,3,12,2,11,11,2,3,3,14
2,2,10,3,3,10,0,2,8,3,3,14
6,0,9,8,6,12,7,13,14,1,0,12
3,13,3,0,2,3,2,3,3,2,2,5
3,13,3,0,2,3,2,3,3,2,2,5
12,6,1,5,0,1,1,14,1,12,1,6
2,2,10,3,3,10,0,2,8,3,3,14
1,5,0,2,10,0,9,5,0,6,8,1
2,2,10,3,3,10,0,2,8,3,3,14
0,1,7,1,5,9,5,1,9,5,7,0
6,0,9,8,1,6,3,13,6,1,0,12
6,0,0,2,1,6,3,13,6,1,0,1
6,0,9,10,6,12,7,13,14,7,0,12
2,2,10,3,3,10,0,2,8,3,3,14
2,2,10,3,3,10,0,2,8,3,3,14
2,2,10,3,3,10,0,2,8,3,3,14
0,1,7,1,5,9,5,1,9,5,7,0
13,2,2,13,12,2,11,11,2,14,14,14
0,1,7,1,5,9,5,1,9,5,7,0
2,2,10,3,3,10,0,2,8,3,3,14
0,1,7,1,5,9,5,1,9,5,7,0
2,2,10,3,3,10,11,2,8,3,3,14
4,4,13,7,9,4,14,12,4,4,13,8
1,5,0,2,10,0,9,5,0,6,8,1
6,5,0,8,1,6,3,13,6,1,0,12
3,13,3,0,14,3,2,3,3,2,2,5
2,2,10,3,3,10,0,2,8,3,3,14
0,1,7,1,5,9,5,1,9,5,7,0
14,3,6,11,13,13,10,8,13,8,9,3
6,0,9,8,1,6,3,13,14,1,0,12
3,13,3,0,2,3,2,3,3,2,2,5
1,5,0,2,10,0,9,5,0,6,8,1
13,2,2,13,12,2,11,11,2,14,3,14
1,5,0,2,10,0,9,5,0,6,8,1
13,2,2,13,12,2,11,11,2,14,3,14
1,5,0,2,10,0,9,5,0,6,8,1
5,6,1,5,0,1,1,14,1,12,1,6
3,13,3,0,2,3,2,3,3,2,2,3
1,5,0,2,10,0,9,5,0,6,8,1
2,2,10,3,3,10,0,2,8,3,3,14
0,1,7,1,5,9,5,1,1,12,7,0
5,1,7,6,11,5,13,9,1,12,1,0
0,1,7,1,5,9,5,1,1,5,7,0
1,5,0,2,1,6,3,5,6,1,8,1
2,2,10,3,3,10,0,2,8,3,3,14
12,6,1,5,0,5,1,9,11,0,1,6
0,1,7,1,5,9,1,14,9,12,7,0
1,5,0,2,10,6,9,5,0,6,8,1
2,2,10,3,3,10,0,2,8,3,3,14
0,1,7,1,5,9,5,1,9,5,7,0
12,6,8,6,11,11,6,9,5,13,6,11
5,1,1,5,0,1,1,14,1,12,7,6
2,2,10,3,3,10,0,2,8,3,3,14
5,6,1,5,0,5,1,9,1,5,7,0
0,1,7,1,5,9,5,14,9,5,7,0
0,1,7,1,5,9,5,1,9,5,7,0
0,1,7,1,5,9,5,14,1,5,7,0
5,1,1,5,0,1,13,9,11,12,1,6
2,2,10,3,3,10,0,2,8,3,3,14
1,5,0,2,1,6,9,5,0,6,8,1
4,4,13,7,9,4,14,12,4,4,13,8
3,13,3,0,14,3,2,3,3,2,2,5
5,6,1,5,0,5,13,9,11,0,1,6
0,1,7,5,0,1,1,9,1,12,1,6
2,2,10,13,12,2,0,2,8,3,3,14
0,1,7,1,0,9,5,1,9,5,7,0
2,2,10,3,3,10,0,2,8,3,3,14
6,9,12,10,6,12,7,13,14,7,12,10
2,2,10,3,12,2,11,11,2,14,14,14
5,6,1,5,0,5,1,14,11,0,1,6
0,1,7,1,5,9,5,1,9,5,7,0
2,2,10,3,3,10,11,2,2,3,3,14
13,2,2,13,12,2,11,11,2,14,14,14
3,13,3,0,2,3,2,3,3,2,2,5
5,1,7,1,0,1,1,14,1,12,1,11
6,0,9,8,1,6,3,5,0,6,8,1
2,2,10,3,3,10,0,2,8,3,3,14
1,5,0,2,10,0,9,5,0,6,8,1
5,6,1,5,0,1,1,14,11,12,1,6
3,13,3,0,2,3,2,3,3,2,2,5
14,3,6,11,14,13,10,8,13,8,9,3
2,2,10,3,3,10,0,2,8,3,3,14
0,1,7,1,5,9,5,14,1,5,7,0
0,1,7,1,5,9,5,1,9,5,7,0
1,5,0,2,10,0,9,5,0,6,8,1
13,2,2,13,12,2,11,11,2,14,14,2
5,1,7,5,0,1,1,14,1,12,7,6
3,13,3,0,14,13,10,8,3,2,2,5
11,11,8,6,11,11,6,7,5,13,6,13
3,13,3,0,2,3,2,3,3,2,2,5
1,5,0,2,10,0,9,5,0,6,8,1
0,1,7,1,5,9,5,1,9,5,7,0
0,1,7,1,5,9,5,1,9,5,7,0
0,1,7,1,5,9,5,1,9,5,7,0
2,2,10,3,3,10,0,2,8,3,3,14
6,0,9,10,6,12,7,0,14,7,0,12
0,1,7,1,5,1,1,14,1,12,1,6
6,0,9,8,1,6,3,5,6,1,0,12
2,2,10,3,3,10,0,2,8,3,3,14
1,5,0,2,10,0,9,5,0,6,8,1
12,6,8,5,0,1,5,14,1,12,1,6
0,1,7,1,5,9,5,1,9,5,7,0
1,5,0,2,10,0,9,5,0,6,8,1
2,2,10,3,3,10,0,2,2,3,3,14
4,4,13,7,9,4,14,12,4,4,13,8
0,1,7,1,5,9,5,1,9,5,7,0
1,5,0,2,10,0,9,5,0,6,8,1
6,0,9,8,1,6,3,13,6,1,0,12
1,5,9,8,1,6,3,13,6,1,0,1
0,1,7,1,5,9,5,1,9,5,7,0
1,5,0,2,1,6,3,13,6,6,8,1
0,1,7,1,5,9,5,1,9,5,7,0
2,2,10,3,3,10,0,2,8,3,3,14
5,1,1,1,5,9,5,1,1,12,1,6
1,5,0,2,10,0,9,5,0,6,8,1
3,13,3,0,2,3,2,3,3,2,2,5
6,0,9,8,1,6,3,13,6,1,0,1
1,5,0,2,10,0,9,5,0,6,8,1
5,6,1,5,0,5,1,9,11,0,1,6
13,2,2,13,12,2,11,11,2,14,14,14
2,2,10,3,3,10,0,2,8,3,3,14
3,13,3,0,14,13,10,8,13,8,2,3
2,2,10,3,3,10,0,2,8,3,3,14
1,5,0,2,10,0,9,5,0,6,8,1
1,5,0,2,10,6,9,5,0,6,8,1
0,1,7,1,5,9,5,1,9,5,7,0
1,0,9,8,1,0,9,5,0,1,0,12
1,5,0,2,10,0,9,5,0,6,8,1
0,1,7,1,5,9,5,14,9,5,7,0
1,5,0,2,10,6,3,5,6,6,8,1
3,13,3,0,2,3,2,3,3,2,2,5
0,1,7,1,5,9,5,1,9,5,7,0
2,2,10,13,12,2,11,11,2,14,3,14
3,13,3,0,2,3,2,3,3,2,2,5
4,8,13,7,9,4,14,12,4,4,13,8
2,2,10,3,3,10,0,2,8,3,3,14
1,5,0,2,10,0,9,5,0,6,8,1
0,1,7,1,5,9,1,14,1,5,7,0
1,5,0,2,10,0,9,5,0,6,8,1
2,2,10,3,3,10,0,2,8,3,3,14
2,2,10,13,12,2,11,11,2,14,3,14
5,1,1,5,0,1,13,9,11,12,1,6
5,1,1,5,5,1,5,14,1,12,1,6
1,5,0,2,10,0,3,5,6,6,8,1
4,8,4,4,9,4,14,12,4,4,13,8
2,2,10,3,3,10,0,2,8,3,3,14
3,13,3,11,14,13,10,8,13,8,9,5
0,1,7,1,5,9,5,1,11,0,1,6
0,1,7,1,5,9,5,1,9,5,7,0
1,5,0,2,1,6,3,5,6,1,8,1
12,6,1,5,0,1,1,14,9,5,1,11
0,1,7,1,5,9,5,1,9,5,7,0
0,1,7,1,0,1,1,14,1,12,1,6
4,4,13,7,9,4,4,4,4,9,13,4
1,5,0,2,10,0,9,5,0,6,8,1
6,5,0,2,1,6,3,5,6,1,0,12
0,1,7,1,5,9,5,1,9,5,7,0
12,6,1,5,0,5,13,9,11,0,1,6
2,2,10,13,12,2,11,11,2,14,3,14
0,1,7,1,5,9,5,1,9,5,7,0
5,1,7,5,0,1,1,9,1,12,1,6
3,13,3,0,14,3,10,8,3,2,2,5
2,2,10,3,3,10,0,2,8,3,3,14
6,0,9,8,1,6,3,13,6,1,0,12
6,0,9,8,6,12,7,13,14,7,0,12
3,13,3,0,14,3,10,3,3,2,2,5
2,2,10,3,12,2,0,2,2,14,3,14
1,5,0,2,1,6,3,13,6,1,8,1
2,2,10,3,3,10,0,2,8,3,3,14
0,1,7,5,0,1,1,14,1,12,7,6
5,1,7,5,0,1,13,14,1,12,7,0
0,1,7,1,5,9,5,1,9,12,7,0
3,13,3,0,14,13,10,3,13,8,2,5
1,5,0,2,1,6,3,5,0,6,8,1
2,2,10,3,3,10,0,2,8,3,3,14
2,2,10,3,3,10,0,2,8,3,3,14
2,2,10,3,3,10,0,2,8,3,3,14
3,13,3,0,2,3,2,3,3,2,2,5
3,13,6,11,14,13,10,8,13,8,9,3
0,1,7,1,5,1,1,14,1,12,7,0
3,13,3,0,2,3,2,3,3,2,2,5
0,1,7,1,5,9,5,14,1,5,7,0
0,1,7,1,5,9,5,1,9,5,7,0
6,0,9,8,1,12,3,13,14,1,0,12
13,2,10,13,12,2,0,2,2,14,14,14
12,6,1,5,11,5,13,9,11,0,1,6
0,1,7,1,5,1,1,14,1,12,7,0
1,5,0,2,10,0,9,5,0,6,8,1
2,2,10,3,3,10,0,2,8,3,3,14
14,13,3,11,14,13,10,8,13,8,2,3
2,2,10,3,3,10,0,2,8,3,3,14
1,5,0,2,10,0,9,5,0,6,8,1
1,5,0,8,1,6,3,13,6,1,0,1
0,1,7,1,5,9,5,1,9,5,7,0
2,2,10,3,3,10,0,2,2,14,3,14
1,5,0,8,1,6,3,13,6,1,0,12
14,3,6,11,14,13,10,8,13,8,9,3
6,0,0,8,1,6,3,5,6,1,0,1
0,1,7,1,5,9,5,14,9,5,7,0
1,5,0,2,1,6,3,13,6,1,8,1
0,1,7,5,5,1,1,14,1,12,1,6
2,2,10,3,12,10,0,2,2,14,3,14
6,0,9,8,6,12,7,13,14,1,0,12
3,3,6,11,14,3,2,3,3,2,2,3
3,3,3,11,14,13,10,8,13,8,2,3
3,13,3,11,14,13,10,8,13,2,2,5
2,2,10,3,3,10,0,2,8,3,3,14
1,5,0,2,10,0,9,5,0,6,8,1
2,2,10,3,3,10,0,2,8,3,3,14
1,5,0,2,1,6,3,13,6,1,8,12
1,5,0,2,10,0,9,5,0,6,8,1
3,13,3,0,2,3,2,3,3,2,2,5
2,2,10,3,3,10,11,11,8,3,3,14
2,2,10,3,3,10,0,2,8,3,3,14
5,1,1,5,0,1,1,14,1,12,1,6
2,2,10,3,3,10,0,2,8,3,3,14
1,5,0,2,10,0,9,5,0,6,8,1
0,1,7,1,5,9,5,14,1,5,7,0
2,2,10,3,3,10,0,2,8,3,3,14
5,1,1,5,0,1,13,9,9,0,1,6
1,5,0,2,1,6,7,13,6,1,0,12
3,13,3,0,2,3,2,3,3,2,2,5
11,11,8,6,11,1,1,9,5,13,6,11
9,9,12,10,6,6,3,13,6,7,12,10
3,13,3,0,2,3,2,3,3,2,2,5
2,2,10,3,3,10,0,2,8,3,3,14
0,1,7,1,5,9,5,1,9,5,7,0
3,13,3,0,2,3,2,3,3,2,2,5
5,1,7,1,0,1,1,9,1,12,1,6
3,13,3,0,2,3,2,3,3,2,2,5
1,5,0,2,10,0,9,5,0,6,8,1
1,5,0,8,1,6,3,13,6,1,0,1
3,13,3,0,2,3,2,3,3,2,2,5
1,5,0,2,10,0,9,5,0,6,8,1
0,1,7,1,5,9,5,1,9,5,7,0
13,2,2,13,12,2,11,11,2,14,14,2
5,6,1,5,0,1,1,14,1,12,1,6
6,0,9,8,1,6,3,5,6,1,0,1
4,4,13,7,9,4,14,4,4,4,13,8
2,2,10,3,3,10,0,2,8,3,3,14
1,5,0,2,1,6,3,5,6,6,8,1
6,0,9,8,1,12,7,13,6,1,0,1
5,6,1,5,0,5,13,9,11,0,1,6
6,0,9,8,1,6,3,13,6,1,0,12
5,1,1,5,5,1,5,14,1,12,1,6
5,1,7,1,5,9,5,1,1,12,7,0
2,2,10,3,3,10,0,2,8,3,3,14
0,1,7,1,5,9,5,14,9,5,7,0
12,6,1,5,0,1,1,9,11,0,1,6
0,1,7,1,5,1,5,1,9,5,7,0
0,1,7,1,5,1,1,14,9,5,7,0
2,2,10,13,12,2,11,2,2,14,14,2
0,1,7,1,5,9,5,1,9,5,7,0
0,1,7,1,5,1,5,1,1,5,7,0
1,5,9,8,1,6,3,13,6,6,0,12
5,1,7,5,5,1,1,14,1,12,1,6
0,1,7,1,5,1,1,14,1,5,7,0
0,1,7,1,5,1,1,14,1,12,7,0
1,5,0,2,10,0,9,5,0,6,8,1
0,1,7,1,5,9,5,1,9,5,7,0
2,2,10,13,3,2,11,11,2,14,14,14
0,1,7,1,5,9,5,14,9,5,7,0
6,0,9,8,1,6,3,13,14,1,0,12
2,2,10,3,3,10,0,2,8,3,3,14
4,4,13,7,9,4,14,12,4,4,13,8
0,1,7,1,5,9,5,1,9,5,7,0
1,5,0,2,10,0,9,5,0,6,8,1
6,0,9,8,6,12,7,13,14,7,0,12
2,2,10,3,3,10,0,2,8,3,3,14
1,5,0,2,10,6,3,13,0,6,8,1
0,1,7,1,5,9,5,1,9,5,7,0
1,5,0,2,10,6,3,5,0,6,8,1
2,2,10,3,3,10,0,2,8,3,3,14
0,1,7,1,5,9,5,1,9,5,7,0
0,1,7,1,5,9,5,1,9,5,7,0
6,0,9,8,1,6,3,13,6,1,8,1
0,1,7,1,5,1,1,14,1,5,7,0
2,2,10,3,3,2,11,11,2,3,3,14
2,2,10,13,12,10,0,2,2,3,3,14
3,3,6,11,14,13,2,8,13,8,9,3
1,5,0,2,10,0,9,5,0,6,8,1
0,1,7,1,5,9,5,1,9,5,7,0
0,1,7,1,5,9,5,1,9,5,7,0
5,6,1,5,0,5,13,14,11,0,1,6
2,2,10,3,3,10,0,2,8,3,3,14
4,4,13,7,9,4,14,12,4,4,13,8
4,4,13,7,9,4,14,12,4,4,13,8
1,5,0,2,10,0,9,5,0,6,8,1
13,2,2,13,12,2,11,11,2,14,14,2
5,6,1,5,0,1,1,14,11,12,1,6
0,1,7,1,5,1,1,1,9,5,7,0
2,2,10,3,3,10,0,2,8,3,3,14
0,1,7,1,5,9,5,1,9,5,7,0
4,4,13,7,9,4,14,12,4,4,13,8
2,2,10,3,12,2,11,11,2,3,3,14
1,5,0,2,10,0,9,5,0,6,8,1
2,2,10,3,3,10,0,2,8,3,3,14
2,2,10,3,12,10,0,2,8,3,3,14
0,1,7,1,5,9,5,1,9,5,7,0
4,4,13,7,9,4,14,12,4,4,13,8
5,1,1,5,0,1,1,14,1,12,1,6
0,1,7,1,5,9,5,1,9,5,7,0
0,1,7,1,5,9,5,1,9,5,7,0
0,1,7,1,5,1,1,14,1,12,7,0
1,5,0,2,10,0,9,5,6,6,8,1
6,0,9,8,6,6,3,5,6,1,0,12
4,4,13,7,9,4,14,12,4,4,13,8
0,1,7,1,5,9,5,1,9,5,7,0
4,4,13,7,9,4,14,12,4,4,13,8
13,2,2,13,12,2,11,11,2,14,14,14
4,8,4,4,4,7,4,4,10,9,4,4
5,1,7,1,0,1,1,14,1,12,7,6
5,6,1,5,0,5,1,9,11,0,1,6
4,4,13,7,9,4,14,4,4,4,13,8
2,2,10,3,3,10,0,2,8,3,3,14
0,1,7,1,5,9,5,14,9,5,7,0
1,5,0,2,1,6,3,13,14,1,0,1
5,6,1,5,5,9,5,1,9,12,1,11
0,1,7,1,5,9,5,1,9,5,7,0
1,5,0,2,10,0,9,5,0,6,8,1
5,1,1,5,0,5,13,9,11,12,1,6
0,1,7,1,5,1,1,14,1,12,7,0
1,5,0,2,10,0,9,5,0,6,8,1
5,6,1,5,0,5,13,9,11,0,1,6
11,11,8,6,11,11,6,7,5,13,6,13
1,5,0,2,1,6,3,13,6,1,0,1
1,5,0,2,10,0,9,5,0,6,8,1
2,2,10,3,3,10,0,2,8,3,3,14
12,6,1,6,0,5,6,7,11,12,1,11
0,1,7,1,5,9,5,1,9,5,7,0
2,2,10,3,3,10,0,2,8,14,14,14
13,2,2,13,12,2,11,11,2,14,14,2
1,5,9,8,1,6,3,5,6,1,8,1
5,6,1,5,0,1,13,7,11,0,1,6
2,2,10,3,3,10,0,2,8,3,3,14
12,6,1,5,0,5,13,9,11,0,1,11
2,2,10,3,3,10,0,2,8,3,3,14
5,1,1,5,0,1,1,9,11,12,1,6
2,2,10,13,12,2,0,2,2,14,3,14
1,5,0,2,10,0,9,5,0,6,8,1
3,13,3,0,14,3,2,8,13,8,2,5
0,1,7,1,5,9,5,14,9,5,7,0
3,13,3,0,2,3,2,3,3,2,2,5
2,2,10,3,3,10,0,2,8,3,3,14
2,2,10,3,3,10,0,2,8,3,3,14
5,1,7,5,0,1,1,9,1,12,1,6
3,13,3,0,2,3,2,3,3,2,2,5
6,0,0,8,1,6,7,13,6,1,0,12
2,2,10,3,3,10,0,2,8,3,3,14
0,1,7,1,5,9,5,1,9,5,7,0
0,1,7,1,5,9,5,1,9,5,7,0
6,0,9,8,1,6,3,13,6,1,0,12
0,1,7,1,5,1,1,14,1,12,7,0
2,2,10,3,3,10,0,2,8,3,3,14
2,2,10,3,3,10,0,2,8,3,3,14
6,0,9,8,1,6,3,5,6,1,8,1
2,2,10,3,3,10,0,2,8,3,3,14
0,1,7,1,5,1,5,1,9,5,7,0
5,1,7,1,5,1,1,14,1,5,7,0
2,2,10,3,3,10,0,2,8,3,3,14
0,1,7,1,5,9,5,1,9,5,7,0
1,5,0,2,1,6,3,13,6,1,8,1
1,5,0,2,10,0,9,5,0,6,8,1
2,2,10,3,3,10,0,2,8,3,3,14
5,1,1,5,0,5,13,9,11,12,7,6
3,13,3,11,14,13,10,8,13,2,2,5
2,2,10,3,3,10,0,2,8,3,3,14
3,13,3,0,2,3,2,3,3,2,2,5
2,2,10,3,3,10,0,2,8,3,3,14
1,5,0,2,10,0,9,5,0,6,8,1
13,2,2,13,12,2,11,11,2,14,14,2
2,2,10,3,3,10,0,2,8,3,3,14
1,5,0,2,1,6,3,5,0,1,0,12
1,5,0,2,10,0,9,5,0,6,8,1
2,2,10,3,3,10,0,2,8,3,3,14
1,0,9,8,1,6,9,5,6,1,0,12
5,1,7,5,0,1,1,14,1,12,7,6
1,5,0,2,10,0,9,5,0,6,8,1
13,2,10,13,12,2,11,11,2,14,3,14
12,6,8,5,5,9,5,1,9,12,1,11
0,1,7,1,5,9,5,1,9,5,7,0
5,1,7,1,0,1,1,14,1,12,1,6
1,5,0,2,10,0,9,5,0,6,8,1
1,5,0,2,10,0,9,5,0,6,8,1
0,1,7,1,5,9,5,14,9,5,7,0
2,2,10,3,3,10,0,2,8,3,3,14
0,1,7,1,5,9,5,1,9,5,7,0
14,3,6,11,14,13,10,8,13,8,9,3
2,2,10,13,12,10,11,2,2,14,3,14
1,5,0,2,10,0,9,5,0,6,8,1
2,2,10,13,12,2,11,2,8,14,14,14
1,5,0,2,10,0,9,5,0,6,8,1
1,5,9,8,1,6,3,13,0,1,8,1
0,1,7,1,5,9,5,1,9,5,7,0
5,1,1,5,0,1,13,9,11,12,1,6
0,1,7,1,5,9,5,1,9,5,7,0
1,5,0,2,10,0,9,5,0,6,8,1
12,6,1,5,5,9,5,1,1,12,1,6
0,1,7,1,5,9,5,1,9,5,7,0
5,6,1,5,0,5,13,9,11,0,1,11
6,0,9,8,1,6,3,13,6,1,0,12
3,13,3,0,14,13,2,3,13,2,2,5
6,0,9,8,6,12,3,13,6,1,0,12
3,13,3,0,2,3,2,3,3,2,2,5
3,13,3,0,14,13,2,8,13,8,2,5
13,2,2,13,12,2,11,11,2,14,14,14
2,2,10,3,3,2,11,11,2,3,3,14
6,0,9,8,1,6,3,13,14,1,0,12
0,1,7,1,5,9,5,14,9,5,7,0
0,1,7,1,5,9,5,1,9,5,7,0
1,5,9,8,1,12,3,13,6,1,8,1
2,2,10,3,3,10,0,2,8,3,3,14
3,13,3,11,14,13,10,8,3,2,2,5
1,5,0,8,1,6,3,5,6,1,8,1
0,1,7,1,5,9,5,1,9,12,7,0
3,13,3,0,2,3,2,3,3,2,2,5
1,5,0,2,10,6,9,5,0,6,8,1
1,5,0,2,10,0,9,5,0,6,8,1
1,5,0,2,10,0,9,5,0,6,8,1
5,1,1,5,0,1,1,14,1,12,1,6
0,1,7,1,5,9,5,1,9,5,7,0
2,2,10,13,12,2,11,11,2,14,3,14
1,5,0,8,1,6,3,13,6,1,8,1
2,2,10,3,3,10,0,2,8,3,3,14
5,1,1,5,0,5,13,9,11,12,1,6
3,13,3,0,2,3,2,3,3,2,2,5
5,1,7,5,0,1,1,9,1,12,7,0
4,4,13,7,9,4,14,12,4,4,13,8
3,13,3,0,2,3,2,3,3,2,2,5
6,0,9,8,1,12,7,13,14,1,0,12
2,2,10,3,12,2,11,11,2,3,3,14
5,1,1,5,0,5,1,14,1,12,1,6
2,2,10,3,12,2,0,11,2,14,3,14
1,5,0,2,10,0,9,5,0,6,8,1
14,3,6,11,13,13,10,8,13,8,9,3
6,0,9,8,10,6,3,13,6,1,0,12
4,4,13,7,9,4,14,12,4,4,13,8
2,2,10,3,3,10,0,2,8,3,3,14
0,1,7,1,5,9,5,1,9,5,7,0
1,5,0,2,10,0,9,5,0,6,8,1
13,2,2,13,12,2,11,11,2,14,14,14
0,1,7,1,5,9,5,1,9,5,7,0
3,13,3,0,2,3,2,3,3,2,2,5
9,9,12,10,6,14,12,0,12,7,12,10
3,13,3,0,2,3,2,3,3,2,2,5
12,6,8,5,11,5,13,9,11,12,1,11
13,2,2,13,12,2,0,2,2,14,14,2
5,1,1,5,0,1,13,9,11,12,1,6
2,2,10,3,3,10,0,2,8,3,3,14
13,2,2,13,12,2,11,2,2,14,14,2
3,13,3,0,2,3,2,3,3,2,2,5
0,1,7,1,5,9,5,1,9,5,7,0
4,4,13,7,9,4,14,12,4,4,13,8
0,1,7,1,5,9,5,1,9,5,7,0
4,8,4,4,9,4,14,12,4,4,13,4
12,6,1,6,11,11,6,7,11,0,1,6
3,13,3,0,2,3,2,3,3,2,2,3
9,9,12,10,6,12,3,5,14,7,12,10
2,2,10,3,3,10,0,2,8,3,3,14
0,1,7,1,5,9,5,14,9,5,7,0
2,2,10,3,12,2,0,11,2,3,3,14
2,2,10,3,3,10,0,2,8,3,3,14
3,13,3,0,14,13,10,8,3,8,2,5
5,1,1,5,0,1,1,14,1,12,1,0
5,1,1,5,5,9,5,1,9,5,7,0
1,5,0,2,10,0,9,5,0,6,8,1
1,5,0,2,10,0,9,5,0,6,8,1
3,13,3,0,2,3,2,3,3,2,2,5
2,2,10,3,3,10,0,2,2,3,3,14
2,2,10,3,3,10,0,2,8,3,3,14
3,13,3,11,14,13,10,8,13,8,2,3
2,2,10,3,3,10,0,2,8,3,3,14
2,2,10,3,3,10,0,2,8,3,3,14
2,2,10,3,3,10,0,2,8,3,3,14
0,1,7,1,5,1,1,9,1,12,1,6
1,0,0,2,10,0,9,5,0,6,8,1
2,2,10,3,3,10,0,2,8,3,3,14
6,0,9,8,6,12,7,13,14,1,0,12
14,3,6,11,13,13,10,8,13,8,9,3
0,1,7,1,5,9,5,1,9,5,7,0
2,2,10,3,3,10,0,2,8,3,3,14
2,2,10,3,3,10,0,2,8,3,3,14
0,1,7,1,5,9,5,14,1,5,7,0
1,5,0,2,10,0,9,5,0,6,8,1
9,9,12,10,6,12,7,13,14,7,0,12
4,4,13,7,4,4,4,4,4,4,13,4
5,1,7,1,5,9,5,1,1,12,1,6
5,1,7,1,0,1,1,14,1,12,1,6
2,2,10,3,3,10,0,2,8,3,3,14
2,2,10,3,3,2,11,11,2,3,3,14
4,4,13,7,9,4,14,12,4,4,13,8
2,2,10,3,3,10,0,2,8,3,3,14
0,1,7,1,5,1,1,1,1,5,7,0
2,2,10,3,3,10,0,2,8,3,3,14
1,5,0,2,10,0,3,5,0,6,8,1
0,1,7,1,5,9,5,1,9,5,7,0
0,1,7,1,5,9,5,1,9,5,7,0
0,1,7,1,5,9,5,1,9,5,7,0
2,2,10,3,3,10,0,2,8,3,3,14
5,1,1,5,0,1,1,14,1,12,1,6
13,2,2,13,12,2,11,2,2,14,14,14
12,6,1,6,11,5,1,14,11,0,6,11
5,1,1,5,11,5,1,9,11,12,1,6
6,0,9,8,6,12,3,13,6,1,0,12
1,5,0,2,10,0,9,5,0,6,8,1
2,2,10,3,3,10,0,2,8,3,3,14
1,5,0,2,1,6,3,5,6,1,8,1
3,13,3,0,14,3,10,8,3,2,2,5
6,0,9,8,6,12,7,0,14,7,0,12
1,5,0,2,10,0,9,5,0,6,8,1
5,1,1,5,0,1,1,14,1,12,7,0
0,1,7,1,5,9,5,1,9,5,7,0
2,2,10,3,3,10,0,2,8,3,3,14
0,1,7,1,5,9,5,1,9,5,7,0
13,2,2,13,12,2,0,2,2,14,14,2
0,1,7,1,5,9,5,14,9,5,7,0
1,5,0,2,1,6,3,5,6,1,8,1
0,1,7,1,5,9,5,1,9,5,7,0
3,13,3,0,2,3,2,3,3,2,2,5
2,2,10,3,3,10,0,2,8,3,3,14
1,5,0,2,10,0,9,5,0,6,8,1
1,5,0,2,10,0,9,5,0,6,8,1
2,2,10,3,3,10,0,2,8,3,3,14
1,5,0,2,10,0,9,5,0,6,8,1
2,2,10,3,3,10,0,2,8,3,3,14
3,13,3,0,14,3,2,3,3,2,2,5
2,2,10,3,3,10,11,2,8,3,3,14
1,5,0,2,10,6,3,5,0,6,8,1
3,13,3,0,2,3,2,3,3,2,2,5
6,0,9,8,6,12,7,13,14,1,0,12
6,5,0,2,10,0,9,5,0,6,8,1
6,0,9,8,1,6,3,13,6,1,0,12
4,4,13,7,9,4,14,12,4,4,13,8
1,5,0,2,10,0,9,5,0,6,8,1
2,2,10,3,3,10,0,2,8,3,3,14
0,1,7,1,5,9,5,1,9,5,7,0
12,6,1,5,0,1,1,14,1,12,1,6
0,1,7,1,5,1,1,14,1,12,7,0
3,13,3,0,2,3,2,3,3,2,2,5
0,1,7,1,5,9,5,1,9,5,7,0
0,1,7,1,5,9,5,1,9,5,7,0
6,0,9,8,6,12,3,13,6,1,0,12
0,1,7,1,5,9,5,14,1,12,7,0
3,13,3,0,2,3,2,3,3,2,2,5
0,1,7,1,5,9,5,14,9,5,7,0
0,1,7,1,5,9,5,1,9,5,7,0
2,2,10,3,12,2,0,2,2,14,3,14
2,2,10,3,3,10,0,2,8,3,3,14
2,2,10,3,3,10,0,2,8,3,3,14
6,0,9,10,6,6,7,13,14,1,0,12
3,13,3,0,2,13,10,8,3,2,2,5
2,2,10,3,3,10,0,2,8,3,3,14
1,5,0,2,10,0,3,5,6,6,8,1
3,13,3,0,2,3,2,3,3,2,2,5
2,2,10,3,3,10,0,2,2,14,3,14
1,5,0,2,10,0,3,5,6,1,0,1
2,2,10,3,3,10,0,2,8,3,3,14
2,2,10,3,3,10,0,2,8,3,3,14
0,1,7,1,5,1,1,14,1,12,7,0
2,2,10,3,12,2,11,11,2,3,3,14
3,13,3,0,2,3,2,3,3,2,2,5
1,5,0,2,10,6,9,5,0,6,8,1
1,5,0,8,1,6,3,13,6,1,8,1
1,5,0,2,10,0,9,5,0,6,8,1
0,1,7,1,5,9,5,1,9,5,7,0
0,1,7,1,5,9,5,1,9,5,7,0
0,1,7,1,5,9,5,1,9,5,7,0
2,2,10,3,3,10,0,2,8,3,3,14
2,2,10,3,3,10,0,2,8,3,3,14
0,1,7,1,5,9,5,14,1,12,7,6
2,2,10,3,12,2,11,2,8,3,3,14
4,4,13,4,4,4,4,4,4,4,13,4
5,1,7,1,5,9,5,14,1,5,7,0
5,6,1,5,0,1,1,14,1,12,1,6
2,2,10,3,3,2,0,2,8,3,3,14
0,1,7,1,5,1,1,14,9,12,7,6
0,1,7,1,5,9,5,1,9,5,7,0
3,13,3,11,14,13,10,8,13,8,2,3
1,5,0,2,10,0,9,5,0,6,8,1
1,5,0,8,1,6,3,13,6,1,8,1
0,1,7,1,5,9,5,1,9,5,7,0
2,2,10,3,3,10,0,2,8,3,3,14
3,13,3,0,2,3,2,3,3,2,2,5
2,2,10,3,3,10,0,2,8,3,3,14
3,13,3,11,14,13,10,8,13,8,2,5
14,3,6,11,2,3,2,3,3,2,9,3
1,5,0,2,10,0,3,5,0,6,8,1
0,1,7,1,5,9,5,1,9,12,7,0
6,0,9,8,6,12,7,13,14,1,0,12
2,2,10,3,3,10,0,2,8,3,3,14
0,1,7,1,5,9,5,14,1,12,7,0
1,5,0,2,1,6,3,13,6,1,8,1
0,1,7,1,5,1,1,14,1,12,7,0
0,1,7,1,5,9,5,1,9,5,7,0
0,1,7,1,5,9,5,1,9,5,7,0
14,3,6,11,14,13,10,8,13,8,9,3
2,2,10,3,12,10,0,11,2,3,3,14
3,13,3,0,14,3,2,8,3,8,2,5
4,4,13,7,9,4,14,12,4,4,13,8
14,3,6,11,14,13,10,8,13,8,9,3
5,1,7,5,0,1,1,14,1,12,1,6
5,1,7,1,5,1,1,1,1,5,7,0
2,2,10,13,12,2,11,11,8,3,3,14
1,5,0,2,1,6,3,13,6,1,8,12
1,5,0,2,1,6,3,13,6,1,8,1
6,0,9,8,1,6,3,13,6,6,8,1
13,2,10,13,12,2,11,11,2,3,3,14
3,13,3,11,14,13,10,8,13,8,9,3
1,0,9,8,1,6,3,5,6,1,8,12
3,13,3,0,2,3,2,3,3,2,2,5
5,6,1,5,0,1,1,14,1,12,1,0
2,2,10,3,3,10,11,2,8,3,3,14
1,5,0,2,1,6,3,13,6,1,8,1
2,2,10,3,3,10,0,2,2,3,3,14
13,2,2,13,12,2,11,11,2,14,14,2
4,4,13,7,9,4,14,12,4,9,13,4
13,2,10,3,3,10,0,2,8,3,3,14
1,5,0,2,10,0,9,5,0,6,8,1
14,3,6,11,14,3,2,3,3,2,9,3
3,3,6,11,13,13,10,8,13,8,9,3
0,1,7,1,5,9,5,1,9,5,7,0
12,6,8,5,0,1,1,9,11,0,1,11
3,13,3,0,2,3,2,3,3,2,2,5
0,1,7,1,5,9,5,1,9,5,7,0
1,5,0,2,10,0,9,5,0,6,8,1
5,6,1,5,0,5,13,9,11,0,1,6
1,5,0,2,10,0,9,5,0,6,8,1
12,6,1,5,5,9,5,1,9,5,1,6
0,1,7,1,5,9,5,1,9,5,7,0
0,1,7,1,5,9,5,1,9,5,7,6
14,3,6,11,14,13,10,8,13,8,9,3
3,13,3,0,14,13,10,8,3,2,2,5
4,8,4,4,4,4,4,4,4,9,4,4
1,5,0,2,10,0,9,5,0,6,8,1
1,0,9,8,1,6,3,13,6,1,0,12
3,13,3,0,2,3,2,3,3,2,2,5
4,4,13,7,9,4,14,12,4,4,13,8
6,0,9,8,1,6,3,13,6,1,0,12
6,5,0,2,10,6,3,13,14,1,0,12
3,13,3,0,2,3,2,3,3,2,2,5
3,13,3,0,2,3,2,3,3,2,2,5
3,13,3,0,2,3,2,3,3,2,2,5
4,8,4,4,4,7,4,4,4,9,13,8
4,4,13,7,9,4,14,12,4,9,13,8
14,3,6,11,2,3,2,3,3,2,2,5
1,5,0,8,1,6,3,13,6,1,8,1
3,13,3,0,14,13,10,8,13,8,2,5
3,13,3,11,14,13,10,8,13,8,9,3
14,3,3,11,14,13,10,8,13,8,9,3
3,13,3,0,14,3,2,3,3,8,2,5
6,0,9,8,1,6,3,13,6,1,0,12
14,3,6,11,13,13,10,8,13,8,9,3
1,0,0,2,1,6,3,13,6,1,8,1
4,4,13,7,9,4,14,12,4,4,13,8
3,13,3,0,2,3,2,3,3,2,2,5
1,5,0,2,10,0,9,5,0,6,8,1
1,5,0,2,10,6,3,5,6,1,8,1
3,13,3,0,2,3,2,3,3,2,2,5
6,0,9,8,1,12,7,13,14,1,0,12
4,4,13,7,9,4,14,12,4,4,13,8
6,0,9,8,1,6,7,13,6,1,0,12
6,5,9,2,10,6,9,13,6,1,8,1
6,5,0,8,1,6,3,13,6,1,0,12
3,13,3,0,2,3,2,3,3,2,2,5
1,5,0,2,10,6,3,5,0,6,8,1
1,5,0,2,1,6,3,13,6,1,0,1
4,4,13,4,4,4,14,4,4,9,13,4
14,3,6,11,14,13,2,3,13,8,9,5
4,4,13,7,9,4,14,12,4,4,13,8
3,13,3,0,14,3,2,3,3,2,2,5
6,0,9,8,1,0,9,5,0,6,0,12
6,0,9,8,10,0,9,5,0,6,8,1
3,13,3,0,14,13,10,3,3,8,9,3
3,13,3,0,2,3,2,3,3,2,2,5
1,5,0,2,10,0,9,5,0,6,8,1
4,8,4,4,4,4,14,4,4,9,4,4
1,5,0,2,10,6,9,5,0,6,8,1
1,5,0,8,1,6,3,5,6,1,8,1
4,4,13,7,9,4,14,12,4,4,13,8
1,5,0,8,1,6,3,13,6,1,0,1
6,0,0,8,1,6,3,13,6,1,0,12
3,13,3,0,2,3,2,3,3,2,2,5
6,0,9,8,6,12,7,13,14,1,0,12
1,5,0,2,10,0,9,5,0,6,8,1
14,3,6,11,14,3,10,8,13,8,9,3
6,0,9,8,1,6,3,13,6,1,0,12
3,13,3,0,2,3,2,3,3,2,2,5
4,4,13,7,9,4,14,12,4,4,13,8
14,3,6,11,13,13,10,8,13,8,9,3
3,13,3,11,14,13,10,8,3,2,2,5
6,0,9,8,1,12,3,13,14,7,0,12
3,13,3,0,2,3,2,3,3,2,2,5
4,4,13,7,9,4,14,4,4,9,13,4
1,5,0,8,1,6,3,13,6,1,0,12
3,13,6,11,14,3,2,3,13,8,2,3
1,5,0,2,10,0,9,5,0,6,8,1
14,3,6,11,14,13,10,8,13,8,9,3
6,0,9,8,1,6,3,13,6,1,0,12
5,1,1,5,0,1,5,14,1,12,1,6
4,4,13,7,9,4,14,12,4,4,13,8
9,9,9,8,1,6,3,5,6,1,12,10
4,8,4,4,4,7,4,4,10,9,4,4
1,5,0,2,1,6,3,5,6,1,0,12
14,3,6,11,13,13,10,8,13,8,9,3
4,4,13,7,9,4,14,12,4,4,13,8
3,13,3,0,2,3,2,3,3,2,2,5
4,8,4,4,4,7,4,4,10,9,4,4
1,5,0,2,10,0,9,5,0,6,8,1
4,4,13,7,9,4,14,12,4,4,13,8
3,13,3,0,2,3,2,3,3,2,2,5
12,6,1,5,11,5,13,14,5,0,6,6
3,13,3,11,14,13,10,8,13,8,2,5
6,0,9,8,6,12,7,13,14,1,0,12
6,0,9,8,1,6,3,13,6,1,12,12
6,0,9,8,1,6,3,13,6,1,0,12
1,0,9,8,1,6,3,13,6,1,0,12
3,13,3,11,14,13,10,8,13,8,9,3
4,4,13,4,4,4,4,4,4,9,13,8
14,3,6,11,13,13,10,8,13,8,9,3
13,2,10,13,12,2,11,2,2,14,3,14
6,0,9,8,6,12,7,13,14,7,0,12
14,3,6,11,13,13,10,8,13,8,9,3
1,5,0,2,10,0,9,5,0,6,8,1
4,4,13,7,9,4,4,4,4,9,13,8
1,5,0,2,10,0,9,5,0,6,8,1
1,0,0,8,1,6,7,13,14,7,0,12
1,5,0,2,10,0,9,5,0,6,8,1
3,13,3,0,2,3,2,3,3,2,2,5
3,13,3,0,2,3,2,3,3,2,2,5
0,1,7,1,5,1,5,14,9,5,7,0
14,3,6,11,14,13,10,8,13,8,9,3
4,8,4,4,4,7,4,4,4,9,4,4
6,0,9,8,1,12,3,13,14,7,0,12
6,0,9,8,1,6,3,13,6,1,0,12
6,0,9,8,1,12,7,13,14,1,0,12
3,13,3,11,14,13,10,8,13,8,9,3
14,3,6,11,13,13,10,8,13,8,9,3
9,9,12,10,7,14,12,0,12,7,12,10
6,0,9,8,6,12,9,13,14,1,0,12
6,0,9,8,1,6,3,13,6,1,0,12
4,4,13,7,9,4,14,12,4,4,13,8
1,5,0,2,1,6,3,5,6,1,0,12
1,5,0,2,10,6,3,5,6,1,8,1
1,0,0,2,1,6,9,13,6,1,0,12
9,9,12,10,6,12,7,13,14,7,12,10
4,4,13,7,9,4,14,12,4,4,13,8
4,8,13,4,4,4,4,4,4,9,4,4
3,13,3,11,14,13,10,8,13,8,2,5
9,9,9,10,6,14,7,0,12,7,12,10
9,9,9,10,6,12,7,13,14,7,0,12
4,4,13,4,4,4,14,12,4,9,4,4
9,9,12,10,6,12,7,13,14,1,0,10
4,4,13,4,4,4,14,4,4,9,4,4
1,5,0,2,10,6,3,5,6,6,8,1
12,6,1,5,0,5,1,9,11,0,1,11
1,5,0,2,10,0,9,5,0,6,8,1
4,4,13,7,9,4,14,12,4,4,13,8
1,5,0,2,10,0,9,5,0,6,8,1
6,0,0,8,1,6,3,13,6,1,8,12
2,2,10,3,3,10,0,2,8,3,3,14
1,5,0,2,1,6,3,13,6,1,8,1
2,2,10,3,3,10,0,2,8,3,3,14
3,13,3,0,2,3,2,3,3,2,2,5
0,1,7,1,5,9,5,1,9,5,7,0
3,13,3,11,14,13,10,8,13,8,2,5
3,13,3,0,14,13,10,8,13,8,2,5
1,5,0,2,10,0,9,5,0,6,8,1
3,13,3,0,2,3,2,3,3,2,2,5
1,5,0,2,10,6,3,13,6,6,8,1
3,13,3,0,14,3,2,3,13,8,2,3
4,8,4,4,4,7,4,4,10,9,4,4
6,0,9,8,1,6,3,13,6,1,0,12
6,0,9,8,1,6,3,13,6,1,0,12
4,4,13,7,9,4,14,12,4,4,13,8
1,5,0,2,10,6,9,5,0,6,8,1
3,13,3,0,2,3,2,3,3,2,2,5
4,4,13,7,9,4,14,12,4,4,13,8
3,13,3,0,14,3,2,3,3,2,2,5
14,3,6,11,14,13,10,8,13,8,9,3
4,4,13,7,9,4,14,12,4,4,13,8
1,5,0,2,10,0,9,5,0,6,8,1
1,5,0,2,10,0,9,5,0,6,8,1
6,0,9,8,1,6,3,13,6,1,0,12
6,0,9,10,6,12,7,13,14,7,0,12
1,5,0,2,10,0,9,5,0,6,8,1
3,13,3,0,14,3,2,8,3,2,2,5
3,13,3,0,2,3,2,3,3,2,2,5
3,13,3,11,14,13,10,8,13,8,9,3
3,13,3,0,2,3,2,3,3,2,2,5
6,0,9,8,6,12,7,13,14,1,0,12
3,13,3,0,14,3,2,3,3,2,2,5
3,13,3,0,2,3,2,3,3,2,2,5
1,5,0,2,10,0,3,5,0,6,8,1
4,4,13,4,9,4,14,4,4,9,13,4
3,13,3,0,14,3,2,8,13,8,2,5
4,4,13,4,4,7,4,6,10,9,4,4
9,9,9,10,6,14,7,0,12,7,0,12
6,0,9,8,1,6,7,13,14,1,0,12
2,2,2,13,12,2,11,11,2,14,14,2
3,13,3,0,2,3,2,3,3,2,2,5
3,13,3,0,2,3,2,3,3,2,2,5
4,4,13,4,4,4,4,4,4,4,13,8
4,4,13,7,9,4,14,12,4,4,13,8
3,13,3,0,14,3,10,8,3,8,2,3
2,2,10,13,12,10,0,2,8,3,3,14
4,4,4,4,4,4,4,4,10,4,13,4
1,5,0,2,10,0,9,5,0,6,8,1
1,5,0,2,10,0,9,5,0,6,8,1
3,13,3,0,2,3,2,3,3,2,2,5
7,12,4,12,4,7,4,4,10,9,4,4
1,5,0,2,10,0,9,5,0,6,8,1
0,1,7,1,5,9,5,1,9,5,7,0
6,0,9,8,1,12,7,13,14,1,0,12
1,0,9,8,10,6,3,13,6,1,0,12
6,0,0,8,1,6,7,13,6,1,0,1
3,13,3,0,14,3,2,3,3,2,2,5
6,0,9,8,10,0,9,5,0,6,8,12
1,5,0,2,1,6,3,5,6,1,8,1
3,3,3,11,14,13,10,8,13,8,9,3
14,3,6,11,13,3,2,3,3,8,9,3
0,1,7,1,5,9,5,14,9,5,7,0
2,2,10,3,3,10,0,2,8,3,3,14
0,1,7,1,5,9,5,1,9,5,7,0
1,5,0,2,10,0,9,5,0,6,8,1
1,5,0,2,10,0,9,5,0,6,8,1
1,5,0,2,10,0,9,5,0,6,8,1
6,0,9,8,1,6,3,13,6,1,0,12
1,5,0,2,10,0,9,5,0,6,8,1
1,5,0,8,1,6,3,13,6,1,8,1
4,4,13,7,9,4,14,12,4,4,13,8
1,5,0,2,10,0,9,5,0,6,8,1
4,4,13,7,9,4,14,12,4,4,13,8
4,4,13,7,9,4,14,12,4,4,13,8
1,5,0,8,1,6,3,13,6,1,0,1
1,5,0,2,1,6,3,13,6,6,8,1
3,13,3,11,14,13,10,8,3,2,2,5
3,13,3,0,2,3,2,3,3,2,2,5
1,5,0,2,10,0,9,5,0,6,8,1
1,5,0,2,10,0,9,5,0,6,8,1
1,5,0,2,10,0,9,5,0,6,8,1
3,13,3,0,2,3,2,3,3,2,2,5
3,13,3,0,2,3,2,3,3,2,2,5
6,0,9,2,1,6,3,13,6,1,0,12
3,13,3,0,2,3,2,3,3,2,2,5
12,6,8,6,11,11,6,7,5,13,6,11
3,13,3,11,14,13,10,8,13,8,2,3
1,5,0,2,10,0,9,5,0,6,8,1
3,13,3,11,14,13,10,8,13,8,2,3
4,4,13,7,9,4,14,12,4,4,13,8
1,5,0,2,10,0,9,5,0,6,8,1
6,0,9,8,1,6,3,13,6,1,0,12
2,2,10,3,3,10,0,2,8,3,3,14
3,13,3,0,14,13,2,8,3,8,2,5
1,5,0,2,10,0,9,5,0,6,8,1
3,13,3,0,2,3,2,3,3,2,2,5
2,2,10,3,3,10,0,2,8,3,3,14
3,13,3,0,2,3,2,3,3,2,2,5
6,0,9,8,1,0,3,5,0,6,0,12
1,5,0,2,10,0,9,5,0,6,8,1
2,2,10,3,3,10,0,2,8,3,3,14
1,5,0,2,10,0,9,5,0,6,8,1
3,13,3,11,14,13,10,8,13,8,9,3
6,0,9,8,1,6,9,5,6,1,0,12
3,13,3,11,14,13,10,8,13,2,2,3
3,13,3,0,14,3,10,8,13,8,9,3
2,2,10,3,3,10,0,2,8,3,3,14
1,5,0,2,10,0,9,5,0,6,8,1
2,2,10,3,3,10,0,2,8,3,3,14
3,13,3,0,2,3,2,3,3,2,2,5
2,2,10,3,3,10,0,2,8,3,3,14
6,0,9,2,1,6,3,13,6,1,0,1
4,4,13,7,9,4,14,12,4,4,13,4
3,13,3,0,14,3,2,3,3,2,2,5
1,5,0,2,10,0,9,5,0,6,8,1
1,5,0,2,10,0,9,5,0,6,8,1
4,4,13,7,4,4,14,12,4,4,13,4
4,4,13,4,4,4,4,4,4,4,13,8
4,4,13,7,9,4,14,12,4,4,13,8
1,5,0,2,10,0,9,5,0,6,8,1
3,13,3,0,14,3,2,3,3,2,2,5
3,13,3,0,2,3,2,3,3,2,2,5
3,13,3,0,2,3,2,3,3,2,2,5
4,8,4,4,4,7,4,4,10,9,4,4
1,5,0,2,1,6,3,5,6,1,8,1
9,9,9,10,6,12,3,13,6,1,0,12
3,13,3,0,2,3,2,3,3,2,2,5
1,5,0,2,10,0,3,5,0,6,8,1
1,5,0,8,1,6,3,13,6,1,0,12
3,13,3,11,14,13,10,8,13,8,2,5
3,13,3,0,2,3,2,3,3,2,2,5
4,4,13,7,9,4,14,12,4,4,13,8
1,5,0,2,1,6,9,5,6,1,8,1
4,4,13,7,9,4,14,12,4,4,13,8
6,0,9,8,1,12,3,13,14,1,0,12
2,2,10,3,3,10,0,2,8,3,3,14
1,5,0,2,10,0,9,5,0,6,8,1
6,0,9,8,1,6,3,13,14,1,0,12
1,5,0,2,1,6,3,13,6,6,8,1
3,13,3,0,14,3,10,8,13,2,2,5
13,10,2,13,12,2,11,11,2,14,14,2
6,0,9,8,1,12,7,13,14,1,0,12
6,0,9,8,1,6,3,13,6,1,0,12
4,8,4,4,4,7,4,4,10,9,4,4
3,13,3,0,2,3,2,3,3,2,2,5
1,5,0,2,10,0,9,5,0,6,8,1
1,5,0,2,10,0,9,5,0,6,8,1
9,9,12,10,10,0,9,5,0,6,12,10
12,11,8,6,11,11,13,9,5,13,6,11
3,13,3,0,2,3,2,3,3,2,2,5
4,8,4,4,4,4,14,12,4,9,4,8
14,3,6,11,13,13,10,8,13,8,9,3
6,0,9,8,6,12,7,13,14,1,0,12
1,5,0,2,1,0,3,13,6,6,8,1
3,13,3,0,14,13,10,8,13,8,2,5
4,8,4,4,4,7,4,4,10,9,4,4
6,0,9,8,1,6,3,13,6,1,0,12
2,2,10,3,3,10,0,2,8,3,3,14
3,13,3,0,2,3,2,3,3,2,2,5
3,13,3,0,2,3,2,3,3,2,2,5
6,0,9,8,1,6,3,13,6,1,0,12
14,3,6,11,14,13,2,8,13,8,9,3
3,13,3,0,2,3,2,3,3,2,2,5
1,5,0,2,10,0,9,5,0,6,8,1
3,13,3,0,14,3,10,8,3,8,2,5
3,13,3,0,2,3,2,3,3,2,2,5
2,2,10,3,3,10,0,2,8,3,3,14
6,0,9,8,1,6,7,13,6,1,0,12
2,2,10,3,3,10,0,2,8,3,3,14
4,4,13,4,9,4,4,4,4,9,4,4
14,3,3,11,14,13,10,8,13,8,9,3
3,13,3,0,14,3,10,8,3,2,2,5
4,4,13,7,9,4,14,12,4,4,13,8
3,13,3,0,2,3,2,3,3,2,2,5
6,0,9,8,1,6,3,13,6,1,0,12
14,3,6,11,13,13,10,8,13,8,9,3
6,0,9,8,1,6,3,13,6,1,0,12
2,2,10,3,3,10,0,2,8,3,3,14
6,0,9,8,6,12,7,13,14,1,0,12
2,2,10,3,3,10,0,2,8,3,3,14
6,0,9,2,10,6,9,5,0,6,8,1
1,5,0,2,10,0,9,5,0,6,8,1
1,5,0,2,10,0,9,5,0,6,8,1
14,3,6,11,13,13,10,8,13,8,9,3
4,8,4,4,4,7,4,4,10,9,4,4
1,5,0,2,10,0,9,5,0,6,8,1
3,13,3,0,2,3,2,3,3,2,2,5
1,5,0,2,10,0,9,5,0,6,8,1
3,13,3,0,2,3,2,3,3,2,2,5
3,13,3,0,14,3,2,3,3,2,2,5
13,2,2,3,3,10,11,11,2,14,14,2
6,5,9,8,1,6,3,13,6,1,0,12
1,5,0,2,10,6,3,5,0,6,8,1
6,5,9,8,1,6,3,13,6,6,0,12
1,5,0,8,1,6,3,5,6,1,0,12
3,13,3,0,2,3,2,3,3,2,2,5
6,0,9,8,1,0,9,5,0,1,0,12
1,5,0,2,10,0,9,5,0,6,8,1
13,2,2,13,12,2,11,11,2,14,14,2
1,5,0,2,10,0,9,5,0,6,8,1
6,0,9,8,1,12,7,13,14,1,0,12
6,0,9,8,1,0,9,5,0,6,0,12
2,2,10,3,3,10,0,2,8,3,3,14
1,5,0,2,10,0,9,5,0,6,8,1
1,5,0,2,1,6,3,13,6,1,8,1
14,3,6,11,14,13,10,8,13,8,9,3
11,11,8,6,11,5,13,9,11,0,6,11
0,1,7,1,5,9,5,14,1,5,7,0
9,9,9,10,6,12,7,13,14,7,12,10
2,2,10,13,12,2,11,11,2,14,3,14
1,5,0,2,1,12,3,13,6,1,0,1
9,9,12,10,6,6,9,5,6,1,12,12
4,4,13,7,9,4,14,12,4,4,13,8
0,1,7,1,5,9,5,14,9,5,7,6
3,13,3,0,2,3,10,8,3,2,2,5
3,13,3,0,2,3,2,3,3,2,2,5
6,0,9,8,1,6,3,13,6,1,0,12
13,2,10,3,12,2,0,2,2,14,3,14
4,4,13,7,9,4,14,12,4,4,13,8
6,0,9,10,6,12,7,0,14,7,0,12
1,5,9,2,1,0,9,5,6,6,0,12
1,5,0,8,1,6,3,13,6,1,0,1
4,4,13,7,9,4,14,12,4,4,13,8
1,5,0,2,10,6,9,5,0,6,8,1
4,4,13,7,9,4,14,12,4,4,13,8
2,2,10,13,3,2,11,2,2,14,3,14
1,5,0,2,10,0,9,5,0,6,8,1
6,0,9,8,1,12,3,13,14,1,0,12
1,5,0,2,1,6,9,5,6,1,0,12
1,0,0,8,1,6,3,13,6,1,0,1
4,4,13,7,9,4,14,12,4,4,13,8
13,2,2,13,12,2,11,11,2,14,14,2
14,13,6,11,14,13,10,8,13,8,9,3
6,0,9,8,1,6,3,5,6,1,0,1
3,13,3,0,2,3,2,3,3,2,2,5
14,3,6,11,14,3,2,3,3,2,9,3
3,13,3,0,2,3,2,3,3,2,2,5
2,2,10,3,3,10,0,2,8,3,3,14
6,0,9,8,1,12,7,13,6,1,0,12
13,2,2,13,3,10,0,2,8,3,14,2
3,13,3,11,14,3,10,8,13,8,9,3
1,0,0,8,1,6,3,13,6,1,0,12
4,8,4,4,4,4,4,4,4,9,4,4
4,8,4,4,9,4,14,4,4,9,13,8
0,1,1,5,0,1,13,1,9,5,7,0
1,5,0,2,10,0,9,5,0,6,8,1
13,2,2,13,12,2,11,2,2,14,14,2
3,13,3,0,2,3,2,3,3,2,2,5
3,13,3,0,2,3,2,3,3,2,2,5
3,13,3,0,2,3,2,3,3,2,2,5
4,4,13,7,9,4,14,12,4,4,13,8
12,6,1,5,5,9,5,14,1,12,1,6
0,1,7,1,5,9,5,14,1,5,7,6
1,5,0,2,10,0,9,5,0,6,8,1
3,13,3,0,2,3,2,3,3,2,2,5
6,0,9,8,1,6,3,13,6,1,0,12
6,0,9,10,6,12,7,0,14,1,0,12
6,0,9,8,10,0,9,5,6,1,0,12
2,2,10,3,3,10,0,2,8,3,3,14
3,13,3,0,2,3,2,3,3,2,2,5
5,1,1,5,0,1,1,9,1,12,7,6
1,5,0,2,10,0,9,5,0,6,8,1
4,4,13,7,9,4,14,12,4,4,13,8
4,4,13,7,9,4,14,4,4,4,13,8
1,5,0,2,10,0,9,5,0,6,8,1
1,5,0,2,10,0,9,5,0,6,8,1
6,0,9,8,1,6,3,13,6,1,0,12
1,5,0,2,10,0,9,5,0,6,8,1
13,2,2,13,12,2,11,11,2,14,14,2
1,5,0,2,1,6,3,13,6,6,8,1
4,4,4,4,9,7,14,12,4,9,4,4
6,5,0,8,1,6,3,5,6,1,8,1
4,4,13,7,9,4,14,12,4,4,13,8
3,13,3,0,14,3,2,8,3,2,2,5
1,5,0,2,10,0,9,5,0,6,8,1
4,4,13,7,9,4,14,12,4,4,13,8
1,5,0,2,1,6,3,13,6,1,8,1
1,5,0,2,10,0,9,5,0,6,8,1
1,5,0,2,10,0,9,5,0,6,8,1
1,5,0,2,10,0,9,5,0,6,8,1
1,5,0,8,1,6,3,13,14,1,0,12
3,13,3,0,14,13,10,8,3,8,2,3
14,3,6,11,14,13,10,8,13,8,9,3
3,13,3,0,2,3,2,3,3,2,2,5
3,13,3,11,14,13,10,8,13,2,2,5
3,3,3,0,14,13,10,8,3,2,2,5
6,0,9,8,1,12,7,13,14,1,0,12
4,4,13,7,9,4,4,4,4,4,13,8
4,4,13,7,4,4,4,4,4,9,13,8
0,1,7,1,5,1,1,14,1,12,1,6
1,5,0,2,10,0,9,5,0,6,8,1
1,5,0,2,10,0,9,5,0,6,8,1
2,2,10,3,3,10,0,2,8,3,3,14
3,13,3,0,14,3,2,8,13,8,2,5
4,4,13,7,9,4,14,12,4,4,13,8
2,2,10,3,3,10,0,2,8,3,3,14
0,1,7,1,5,1,1,14,1,5,7,0
1,5,0,8,1,0,3,13,6,1,0,12
4,8,4,4,4,7,4,4,10,9,4,4
1,5,0,2,10,0,9,5,0,6,8,1
6,0,9,8,6,12,3,13,14,1,0,12
6,0,9,8,1,12,7,13,6,1,0,12
14,3,6,11,13,13,10,8,13,8,9,3
4,4,13,7,9,4,14,12,4,4,13,8
1,5,0,2,10,0,9,5,0,6,8,1
1,5,0,2,10,0,9,5,0,6,8,1
6,0,9,8,6,12,7,13,14,7,0,12
6,5,0,8,1,6,9,5,6,6,0,1
6,0,9,8,10,6,9,5,0,1,0,12
1,5,0,2,10,0,9,5,0,6,8,1
13,2,2,13,12,2,11,11,2,14,14,2
4,4,13,7,9,4,14,12,4,4,13,8
6,0,0,8,1,6,3,13,6,1,0,12
4,4,13,4,4,4,14,12,4,9,4,4
6,0,9,8,1,6,3,13,6,1,0,12
6,0,9,8,1,6,3,13,6,6,8,1
1,0,9,8,1,12,3,13,6,1,0,12
3,13,3,0,2,3,2,3,3,2,2,5
9,9,12,10,1,0,9,5,0,1,12,12
2,2,10,3,3,10,0,2,8,3,3,14
2,2,10,3,3,10,0,2,8,3,3,14
3,13,3,0,2,3,2,3,3,2,2,5
1,5,0,8,1,6,3,13,6,1,8,1
4,4,13,7,9,4,14,12,4,4,13,8
3,13,3,0,2,3,2,3,3,2,2,5
1,0,9,8,1,6,3,13,6,1,0,1
5,1,7,1,5,1,1,14,1,12,7,6
4,4,13,7,9,4,14,12,4,4,13,8
4,4,13,7,9,4,14,12,4,4,13,8
6,0,9,8,1,6,3,13,6,1,0,12
1,5,0,2,10,0,9,5,0,6,8,1
12,6,8,5,0,1,5,1,1,12,1,6
7,8,4,4,9,4,14,12,4,4,13,4
0,1,7,1,5,9,5,1,9,5,7,0
4,4,13,7,9,4,14,12,4,4,13,8
6,0,9,8,1,6,3,5,6,1,0,12
3,13,3,0,2,3,2,3,3,2,2,5
0,1,7,1,5,9,5,1,9,5,7,0
2,2,10,3,3,10,0,2,8,3,3,14
3,13,3,0,2,3,2,3,3,2,2,5
3,13,3,0,2,3,2,3,3,2,2,5
2,2,10,3,3,10,0,11,8,3,3,14
1,5,0,2,10,0,9,5,0,6,8,1
1,5,0,2,10,0,9,5,0,6,8,1
3,13,3,0,2,3,2,3,3,2,2,5
1,5,0,2,10,0,9,5,0,6,8,1
2,2,10,3,3,10,0,2,8,3,3,14
6,0,9,8,1,6,3,13,6,1,8,1
2,2,10,3,3,10,0,2,8,3,3,14
12,6,1,5,11,5,13,7,5,0,6,11
4,4,13,7,9,4,14,12,4,4,13,8
5,1,1,5,0,1,1,14,1,12,1,6
2,2,10,3,3,10,0,2,8,3,3,14
1,5,0,2,1,0,3,5,6,1,8,1
5,1,1,5,0,5,1,9,1,12,1,6
3,13,3,0,14,13,10,3,13,8,2,3
0,1,7,1,5,9,5,1,9,5,7,0
1,5,0,2,10,0,9,5,0,6,8,1
0,1,7,1,5,9,5,1,9,5,7,0
0,1,7,1,5,9,5,14,9,5,7,0
0,1,7,1,5,9,5,1,9,5,7,0
5,1,7,5,0,1,1,14,1,12,1,6
0,1,7,1,5,9,5,1,9,5,7,0
2,2,10,3,3,10,0,2,8,3,3,14
5,1,1,5,0,1,1,9,1,12,1,6
6,5,0,8,1,6,3,5,6,1,0,12
5,1,7,5,0,1,1,9,1,5,1,6
1,5,0,2,1,6,3,5,0,6,8,1
14,3,6,11,13,13,10,8,13,8,9,3
1,5,0,2,10,0,9,5,0,6,8,1
2,2,10,3,3,10,0,2,8,3,3,14
1,5,0,2,10,0,9,5,0,6,8,1
0,1,7,1,5,1,1,14,9,5,7,0
6,0,9,8,6,12,7,13,14,1,0,12
0,1,7,1,5,9,5,1,9,5,7,0
1,5,0,2,10,0,9,5,0,6,8,1
0,1,7,1,5,1,1,14,1,12,7,0
3,13,3,0,14,3,10,8,3,2,2,5
13,2,2,13,12,2,11,11,2,14,14,2
9,9,12,10,6,12,7,13,14,7,12,10
2,2,10,3,3,10,0,2,8,3,3,14
6,0,9,8,1,12,3,13,14,7,0,12
6,0,9,8,10,0,9,5,0,6,0,1
0,1,7,1,0,1,1,14,1,5,7,0
1,5,0,2,10,0,9,5,0,6,8,1
5,6,1,5,0,1,1,9,1,0,1,6
0,1,7,1,5,1,5,14,9,5,7,0
2,2,10,3,3,10,0,2,8,3,3,14
6,0,9,2,1,6,3,5,6,1,0,1
6,0,9,8,1,6,3,13,6,1,0,12
0,1,7,1,5,9,5,14,9,5,7,0
2,2,10,3,12,2,11,2,2,3,3,14
2,2,10,3,3,10,0,2,8,3,3,14
5,1,7,5,0,1,1,14,1,12,1,6
5,6,1,5,0,5,13,9,11,0,1,11
1,5,0,2,10,0,9,5,0,6,8,1
0,1,7,1,5,1,1,14,1,12,7,0
5,6,1,5,0,5,13,9,11,0,1,11
5,1,7,5,0,1,1,9,1,12,1,6
11,11,8,6,11,5,13,9,5,13,6,11
2,2,10,3,3,10,0,2,8,3,3,14
2,2,10,3,3,10,0,2,8,3,3,14
5,1,1,5,0,1,1,14,1,12,7,0
0,1,7,1,5,9,5,1,9,5,7,0
1,5,0,2,10,0,9,5,0,6,8,1
5,1,7,1,5,1,1,14,1,12,1,6
2,2,10,3,3,10,0,2,8,3,3,14
4,4,13,7,9,4,14,12,4,4,13,8
6,0,9,8,1,6,3,5,0,1,0,12
1,5,0,2,1,6,3,5,0,6,8,1
3,13,3,0,2,3,2,3,3,2,2,5
0,1,7,1,5,1,1,1,9,12,7,6
1,5,0,2,10,6,9,5,0,6,8,1
4,4,13,7,9,4,14,12,4,4,13,8
0,1,7,1,5,9,5,1,9,5,7,0
3,13,3,0,2,3,2,3,3,2,2,5
2,2,10,3,3,10,0,2,8,3,3,14
0,1,7,1,5,9,5,1,1,12,7,0
6,0,9,10,6,12,7,13,14,1,0,12
1,0,9,2,1,6,3,5,6,1,8,1
5,6,1,5,0,5,13,9,11,0,1,6
2,2,10,3,3,10,0,2,8,3,3,14
12,6,1,5,0,5,13,9,5,13,1,6
2,2,10,13,3,10,0,2,8,3,3,14
14,3,6,11,14,3,2,3,3,2,9,3
1,5,0,2,10,0,9,5,0,6,8,1
0,1,7,1,5,1,1,1,1,5,7,0
0,1,7,1,5,1,1,14,1,5,7,0
0,1,7,1,5,9,5,1,9,5,7,0
13,2,10,13,12,2,11,11,2,14,14,2
5,6,1,5,0,1,1,14,1,12,1,6
3,13,3,0,2,3,2,3,3,2,9,3
2,2,10,13,12,2,11,11,2,14,3,14
2,2,10,3,3,10,0,2,8,3,3,14
0,1,7,1,5,9,5,1,9,5,7,0
1,5,0,2,10,0,9,5,0,6,8,1
5,6,1,5,0,1,5,1,11,0,1,6
0,1,1,1,5,1,1,9,1,5,7,0
13,2,10,13,12,2,11,11,2,14,14,14
2,2,10,3,3,2,11,11,2,14,3,14
2,2,10,3,3,10,0,2,8,3,3,14
2,2,10,3,3,10,0,2,8,3,3,14
1,5,0,2,10,0,9,5,0,6,8,1
1,5,0,2,10,6,3,5,6,6,8,1
2,2,10,3,3,10,0,2,8,3,3,14
1,5,0,2,10,0,9,5,0,6,8,1
0,1,7,1,5,9,5,1,9,5,7,0
12,6,8,6,0,1,1,9,11,0,6,11
3,13,3,0,14,13,10,8,13,2,2,5
0,1,7,1,5,9,5,1,9,5,7,0
4,4,13,7,9,4,14,12,4,4,13,8
5,1,7,1,5,1,5,14,1,5,7,0
12,6,8,5,0,1,1,9,9,5,1,6
3,13,3,0,2,3,2,3,3,2,2,5
1,5,0,2,1,6,3,13,6,1,8,1
0,1,1,5,0,1,1,14,1,12,1,6
1,5,0,2,10,0,9,5,6,6,8,12
6,0,9,8,1,6,3,13,14,1,0,12
6,0,9,8,1,12,7,13,14,1,0,12
13,2,10,13,12,2,11,11,2,14,3,14
3,13,3,0,2,3,2,3,3,2,2,5
14,3,6,11,14,13,10,8,13,8,9,3
6,0,9,8,6,12,7,13,14,1,0,12
5,1,7,5,0,1,1,9,1,12,7,6
1,5,0,2,10,0,9,5,0,6,8,1
0,1,7,1,5,9,1,14,1,5,7,0
1,5,0,2,10,0,9,5,0,6,8,1
12,6,7,1,0,5,13,14,11,0,1,6
3,13,3,0,2,3,2,3,3,2,2,5
0,1,7,1,5,9,5,1,9,5,7,0
1,5,0,2,10,0,9,5,0,6,8,1
0,1,7,1,5,9,5,1,9,5,7,0
6,0,9,8,6,6,3,13,6,1,0,12
0,1,7,1,5,9,5,14,9,5,7,0
2,2,2,13,3,10,0,2,2,3,14,14
1,5,0,2,10,0,9,5,0,6,8,1
5,1,7,1,0,1,1,9,1,12,1,6
2,2,10,3,3,10,0,2,8,3,3,14
5,6,1,5,0,5,13,1,11,12,1,6
1,5,0,2,10,6,3,5,6,6,8,1
3,13,3,0,2,3,2,3,3,2,2,5
2,2,10,3,3,10,0,2,8,3,3,14
1,5,0,2,10,6,9,5,0,6,8,1
1,5,0,2,1,6,3,5,0,6,8,1
2,2,10,3,3,10,0,2,8,3,3,14
3,13,3,0,2,3,2,3,3,2,2,5
14,3,6,11,13,13,10,8,13,8,9,3
5,6,7,5,0,1,13,9,11,12,1,6
0,1,7,1,5,9,5,1,9,5,7,0
1,5,0,2,10,0,9,5,0,6,8,1
0,1,7,1,5,9,5,1,9,5,7,0
14,3,6,0,2,3,2,3,3,2,2,5
7,12,11,12,7,8,8,6,7,11,11,7
13,2,2,13,12,2,11,2,2,14,14,2
12,6,1,5,0,5,13,9,11,0,1,6
2,2,10,3,12,10,11,11,2,14,3,14
0,1,7,1,5,9,5,1,9,5,7,0
3,13,3,11,14,13,10,8,13,8,2,5
2,2,10,3,3,10,0,2,8,3,3,14
0,1,7,1,5,9,5,1,9,5,7,0
5,1,7,1,0,1,1,14,1,12,1,6
5,6,1,5,0,5,13,7,11,0,1,6
0,1,7,1,5,9,5,1,9,5,7,0
5,6,1,5,0,1,1,9,5,0,1,6
2,2,10,3,3,10,0,2,8,3,3,14
3,13,3,11,14,3,10,8,13,8,2,5
1,5,0,2,10,0,9,5,0,6,8,1
1,5,0,2,10,0,9,5,0,6,8,1
6,0,9,8,1,6,3,13,6,1,0,12
6,0,0,2,1,6,3,13,6,6,8,1
5,6,1,5,0,1,1,14,1,12,1,6
14,3,6,11,14,13,10,8,13,8,9,3
13,2,2,13,12,2,11,11,2,14,14,2
0,1,7,1,5,9,5,1,9,5,7,0
1,5,0,2,1,6,3,13,6,1,0,1
0,1,7,1,5,1,1,14,1,5,7,0
6,0,9,8,1,6,3,5,6,1,0,12
6,0,9,8,1,6,3,5,0,6,8,1
0,1,7,1,5,9,5,14,9,5,7,0
14,3,6,11,14,13,10,8,13,8,9,3
12,6,8,6,11,11,13,9,5,13,6,11
2,2,10,13,12,2,11,11,2,14,3,14
2,2,10,3,3,10,0,2,8,3,3,14
0,1,7,1,5,9,5,1,9,5,7,0
1,5,0,2,10,0,9,5,0,6,8,1
0,1,7,1,5,9,5,1,9,5,7,0
14,13,6,11,14,13,10,8,13,8,9,3
2,2,10,3,3,10,0,2,8,3,3,14
1,5,0,8,6,12,7,13,6,1,0,12
4,8,13,4,4,4,4,4,4,9,13,4
7,8,4,4,4,7,8,6,10,9,4,4
3,13,3,0,2,3,2,3,3,2,2,5
0,1,7,1,5,9,5,1,9,5,7,0
1,5,0,2,10,0,9,5,0,6,8,1
1,5,0,2,10,0,9,5,0,6,8,1
3,13,3,11,14,13,10,8,3,2,2,5
14,13,6,11,14,13,10,8,13,8,9,3
1,5,0,2,1,6,3,13,6,1,0,1
0,1,7,1,5,1,1,14,1,5,7,0
1,5,0,2,10,0,9,5,0,6,8,1
2,2,10,3,3,10,0,2,8,3,3,14
5,1,1,5,5,1,1,14,1,12,1,6
9,9,12,10,6,12,3,13,6,1,0,12
0,1,7,1,5,1,5,14,1,12,7,6
3,13,3,0,2,3,2,3,3,2,2,5
6,0,9,8,10,0,9,5,0,6,0,12
1,5,0,8,1,12,7,13,14,1,0,12
1,5,0,2,1,6,3,13,6,1,8,12
5,1,1,5,0,1,1,14,1,12,6,6
1,5,0,2,1,6,9,5,6,1,8,1
2,2,10,3,3,10,0,2,8,3,3,14
6,0,9,8,6,12,7,13,14,1,0,12
4,4,13,7,9,4,14,12,4,4,13,8
1,5,0,2,10,0,9,5,0,6,8,1
0,1,7,1,5,9,5,1,9,5,7,0
1,5,9,8,1,6,3,13,6,1,0,1
2,2,10,3,3,2,0,11,2,3,3,14
0,1,7,1,5,9,5,1,9,5,7,0
3,13,3,11,14,13,10,8,13,8,2,5
1,5,0,2,10,0,9,5,0,6,8,1
5,1,7,1,5,9,5,1,9,5,7,0
0,1,7,1,5,9,1,14,1,5,7,0
1,5,0,2,10,0,9,5,0,6,8,1
2,2,10,3,3,10,0,2,8,3,3,14
1,5,0,2,10,0,9,5,0,6,8,1
3,13,3,0,2,3,2,3,3,2,2,5
1,5,0,2,10,0,9,5,0,6,8,1
6,0,9,8,1,12,7,13,14,1,0,12
1,5,0,8,10,0,9,5,0,6,8,1
0,1,7,1,5,9,5,1,9,5,7,0
7,8,4,4,7,8,8,6,10,9,4,4
1,5,0,2,10,0,9,5,0,6,8,1
2,2,10,13,3,2,11,11,2,14,14,14
1,5,0,2,10,6,3,5,6,6,8,1
0,1,7,1,5,9,5,1,1,5,7,0
5,1,7,1,5,1,1,14,1,12,7,0
13,2,2,13,12,2,11,11,2,14,14,14
5,1,7,5,0,1,1,9,1,5,6,6
5,1,1,5,0,1,1,1,1,12,7,6
2,2,10,3,3,10,0,2,8,3,3,14
4,4,13,7,9,4,14,12,4,4,13,8
1,5,9,8,1,6,3,13,6,1,0,1
1,5,0,2,10,0,9,5,0,6,8,1
0,1,7,1,5,9,5,1,9,5,7,0
5,1,1,5,0,1,1,9,11,0,1,6
5,1,1,5,0,5,1,9,11,12,1,6
0,1,7,1,5,9,5,1,9,5,7,0
5,1,7,1,5,1,1,14,1,12,1,6
1,5,0,2,10,0,9,5,0,6,8,1
12,6,8,6,0,5,1,9,11,13,6,11
12,6,1,5,0,1,1,14,1,12,1,6
5,6,1,5,0,5,1,1,1,12,1,6
12,6,1,5,0,9,13,7,11,0,1,6
0,1,7,1,5,1,1,14,1,12,7,0
2,2,10,3,3,10,0,2,8,3,3,14
2,2,10,3,3,10,0,2,8,3,3,14
3,13,3,0,2,3,2,3,3,2,2,5
0,1,7,1,5,9,5,1,1,5,7,0
1,5,0,8,1,6,3,5,6,1,8,1
3,13,3,0,2,3,2,3,3,2,2,5
0,1,7,1,5,9,5,1,9,5,7,0
1,5,0,2,10,0,9,5,0,6,8,1
1,5,0,2,10,0,9,5,0,6,8,1
0,1,7,5,0,1,1,14,9,5,7,0
5,1,7,1,0,1,1,14,1,12,1,6
2,2,10,3,3,10,0,2,8,3,3,14
2,2,10,13,12,2,0,11,2,14,14,14
12,11,8,6,0,5,13,7,5,13,6,11
12,6,1,5,0,5,13,9,11,0,1,11
4,4,13,7,9,4,14,12,4,4,13,8
0,1,7,1,5,9,5,1,9,5,7,0
6,0,9,8,1,12,7,13,14,1,0,12
2,2,10,3,3,10,0,2,8,3,3,14
1,5,0,2,10,0,9,5,0,6,8,1
0,1,7,1,5,9,5,1,9,5,7,0
13,2,2,13,12,2,11,11,2,14,14,2
0,1,7,1,5,9,5,1,9,5,7,0
2,2,10,3,3,10,0,2,8,3,3,14
4,4,13,7,9,4,14,12,4,4,13,8
14,3,6,11,14,13,10,8,13,8,2,5
11,11,8,6,11,11,6,7,5,13,6,11
0,1,7,1,5,9,5,1,9,5,7,0
11,11,8,6,0,1,1,14,11,0,6,11
6,0,9,8,6,12,7,13,14,7,0,12
0,1,7,1,5,9,5,1,9,5,7,0
3,13,3,0,2,3,2,3,3,2,2,5
4,4,13,7,9,4,14,12,4,4,13,8
2,2,10,3,3,10,0,2,8,3,3,14
4,4,13,7,9,4,14,12,4,4,13,8
1,5,0,2,10,0,3,13,0,6,8,1
6,0,9,8,6,12,7,13,14,1,0,12
2,2,10,3,3,10,0,2,8,3,3,14
0,1,7,1,5,9,5,1,9,5,7,0
2,2,10,3,3,10,0,2,8,3,3,14
8,7,5,9,5,9,5,1,9,10,10,6
1,5,0,2,1,6,3,13,6,1,8,1
0,1,7,1,5,9,5,1,9,5,7,0
12,6,1,5,0,1,1,14,1,0,1,11
13,2,2,13,12,10,0,2,8,3,14,14
5,1,7,1,5,9,5,1,9,12,7,6
1,5,0,2,10,0,9,5,0,6,8,1
1,5,0,2,10,0,9,5,0,6,8,1
1,5,0,2,10,0,9,5,0,6,8,1
12,6,8,6,11,11,13,9,5,13,6,11
4,4,13,7,9,4,14,12,4,4,13,8
1,5,0,2,10,0,9,5,0,6,8,1
0,1,7,1,5,9,5,1,9,5,7,0
0,1,7,1,5,9,5,1,9,5,7,0
4,4,13,4,4,4,4,12,4,9,13,8
1,0,0,2,10,6,3,5,0,1,0,12
12,6,8,6,11,11,6,7,5,0,6,11
1,5,0,2,1,6,3,13,6,1,8,1
2,2,10,3,3,10,0,2,8,3,3,14
2,2,2,13,12,2,11,11,2,14,3,14
5,1,7,1,0,1,1,14,9,12,7,6
14,3,6,11,14,3,2,8,13,8,9,3
2,2,10,3,3,10,0,2,8,3,3,14
6,0,9,8,1,6,3,13,6,1,0,12
12,6,8,5,0,1,5,14,1,12,1,6
10,10,2,14,12,2,11,11,2,14,14,2
5,1,1,5,0,9,1,14,1,12,7,0
1,5,0,8,1,6,3,13,6,1,0,12
0,1,7,1,5,9,5,1,9,5,7,0
0,1,7,1,5,9,5,1,9,5,7,0
0,1,7,1,5,9,5,1,9,5,7,0
6,0,9,8,6,12,3,13,14,1,0,12
6,5,0,8,1,0,3,5,6,6,8,12
2,2,10,3,3,10,0,2,8,3,3,14
1,5,0,2,10,6,9,5,0,6,8,1
6,5,0,8,1,6,3,13,6,1,0,12
13,2,10,13,12,2,11,11,2,14,3,14
2,2,10,3,3,10,11,2,8,3,3,14
1,5,0,2,10,0,9,5,0,6,8,1
12,6,1,5,5,9,5,1,9,12,1,6
6,0,9,8,1,6,3,13,6,1,0,12
2,2,10,3,3,10,0,2,8,3,3,14
4,8,4,4,4,7,4,4,10,9,4,4
3,13,3,0,2,3,2,3,3,2,2,5
3,13,3,0,2,3,2,3,3,2,2,5
3,13,3,0,2,3,2,3,3,2,2,5
0,1,7,1,5,9,5,1,9,5,7,0
5,1,7,5,0,1,1,1,1,12,7,6
0,1,7,1,5,9,5,1,1,5,7,0
2,2,2,13,12,2,11,11,2,14,3,14
0,1,7,1,5,9,5,1,9,5,7,0
0,1,7,1,5,9,5,1,9,5,7,0
0,1,7,1,5,9,5,1,1,12,1,6
0,1,7,1,5,9,5,1,9,5,7,0
1,5,0,2,10,0,9,5,0,6,8,1
3,13,3,0,2,3,2,3,3,2,2,5
1,5,0,2,10,0,3,5,0,6,8,1
5,6,1,5,0,5,1,14,9,12,1,6
4,4,13,7,9,4,14,12,4,4,13,8
2,2,10,3,3,10,0,2,8,3,3,14
14,3,6,11,14,13,10,8,13,8,9,3
2,2,2,13,12,2,11,11,2,14,3,14
0,1,7,1,5,9,5,1,9,5,7,0
0,1,7,1,5,9,5,1,9,5,7,0
2,2,10,3,3,2,11,11,2,14,3,14
2,2,10,3,3,10,0,2,8,3,3,14
1,5,0,2,10,0,9,5,0,6,8,1
2,2,10,13,12,2,11,11,2,14,3,14
1,5,0,2,10,6,3,5,6,1,8,1
3,13,3,0,14,3,10,8,3,2,2,5
2,2,10,3,3,10,0,2,8,3,3,14
12,6,8,6,11,1,1,9,1,12,1,11
12,1,1,6,5,9,5,1,9,5,7,0
5,1,1,5,0,5,1,9,11,12,1,6
0,1,7,1,0,1,1,14,9,5,7,0
0,1,7,1,5,9,5,1,9,5,7,0
6,0,9,8,6,12,7,13,14,1,0,12
12,6,8,6,11,5,13,9,5,0,6,11
10,10,2,14,3,10,0,2,8,3,14,2
0,1,7,1,5,9,5,1,9,5,7,0
12,6,1,5,0,1,1,9,11,12,1,6
14,3,6,11,14,3,2,3,3,8,9,3
4,4,13,7,9,4,14,12,4,4,13,8
2,2,10,3,3,10,0,2,8,3,3,14
1,5,0,2,10,0,9,5,0,6,8,1
13,2,2,3,3,10,11,11,2,14,14,2
5,6,1,5,0,1,1,9,1,12,7,0
13,2,2,13,12,2,11,11,2,14,14,2
14,3,6,11,14,13,10,8,13,8,9,3
0,1,7,1,5,9,5,1,9,13,6,11
5,1,1,5,0,1,1,14,1,12,1,6
8,7,5,9,0,1,1,14,1,10,10,9
2,2,10,3,3,10,0,2,8,3,3,14
0,1,7,1,5,9,5,1,9,5,7,0
4,8,13,4,9,4,14,12,4,9,4,4
12,6,1,5,0,5,13,9,11,0,1,11
3,13,3,0,2,3,2,3,3,2,2,5
2,2,10,3,3,10,0,2,8,3,3,14
2,2,10,3,3,10,0,2,8,3,3,14
0,1,7,1,5,9,5,1,9,5,7,0
1,5,0,2,10,0,9,5,0,6,8,1
2,2,10,3,3,10,11,11,2,14,3,14
2,2,10,3,3,10,0,2,8,3,3,14
2,2,10,3,3,10,0,2,8,3,3,14
3,13,3,0,2,3,2,3,3,2,2,5
2,2,10,3,3,10,0,2,8,3,3,14
1,5,0,2,10,0,9,5,0,6,8,1
0,1,7,1,5,9,1,14,1,5,7,0
5,6,1,5,0,9,5,1,1,12,7,0
2,2,10,3,3,10,0,2,8,3,3,14
0,1,7,1,5,9,5,14,1,5,7,0
5,1,7,1,0,1,1,14,1,12,1,6
0,1,7,1,5,9,5,1,9,5,7,0
3,13,3,0,2,3,2,3,3,2,2,5
5,1,1,1,5,1,5,14,9,5,7,0
5,1,7,5,5,9,1,14,1,12,1,6
5,1,1,1,5,9,5,1,9,5,1,6
3,13,3,0,2,3,2,3,3,2,2,5
2,2,10,3,3,10,0,2,8,3,3,14
0,1,7,1,5,1,5,1,9,5,7,0
6,0,9,8,1,12,3,13,14,1,0,12
0,1,1,5,11,11,13,9,11,13,6,6
0,1,7,1,5,9,5,1,9,5,7,0
1,5,0,2,10,0,9,5,0,6,8,1
6,0,9,8,1,6,3,13,6,1,8,1
0,1,7,1,5,9,5,1,9,5,7,0
9,9,12,10,6,6,3,13,6,1,12,10
0,1,7,1,5,1,1,14,1,12,7,6
0,1,7,1,5,9,5,1,9,5,7,0
0,1,7,1,5,9,5,1,9,5,7,0
6,0,9,8,1,6,3,13,6,1,0,12
2,2,10,3,3,10,0,2,8,3,3,14
0,1,7,1,5,9,5,14,1,12,7,0
6,0,9,8,6,12,7,13,14,1,0,12
1,5,0,8,1,6,3,13,6,1,8,1
3,13,3,0,2,3,2,3,3,2,2,5
2,2,10,3,3,10,0,2,8,3,3,14
5,1,1,5,0,1,1,14,11,12,1,6
12,6,8,5,5,9,5,1,1,5,1,11
2,2,10,3,3,10,0,2,8,3,3,14
5,6,1,5,0,5,13,9,11,0,1,6
4,4,13,7,9,4,14,12,4,4,13,8
1,5,0,2,10,6,3,5,0,6,8,1
6,5,9,8,1,6,3,13,6,1,0,12
2,2,10,3,3,10,0,2,8,3,3,14
13,2,2,13,3,10,0,2,8,3,3,14
2,2,10,3,3,10,0,2,8,3,3,14
0,1,7,1,5,9,5,1,1,5,7,6
2,2,10,3,3,10,0,2,8,3,3,14
1,5,0,2,10,6,3,5,0,1,8,1
0,1,7,1,5,9,5,1,9,5,7,0
1,5,0,8,1,6,3,13,6,1,0,12
0,1,7,1,5,9,5,1,9,5,7,0
3,13,3,0,14,13,2,3,3,2,2,5
0,1,7,1,5,9,5,1,9,5,7,0
0,1,7,1,5,9,5,14,9,5,7,0
14,13,6,11,14,13,10,8,13,8,2,3
6,0,9,8,6,12,7,13,14,1,0,12
12,6,1,5,0,5,13,9,11,0,1,6
13,2,2,13,12,2,11,11,2,14,14,2
5,1,7,1,5,9,1,14,9,12,7,0
1,5,0,2,10,0,9,5,0,6,8,1
5,1,1,5,0,1,1,14,11,12,1,6
0,1,7,1,5,9,5,14,9,5,7,0
5,1,1,5,0,1,1,9,1,12,1,6
1,5,9,2,10,0,9,5,0,6,8,1
2,2,10,3,3,10,0,2,8,3,3,14
12,6,1,5,11,5,13,9,5,0,6,11
3,13,3,0,14,13,10,8,13,8,2,5
2,2,10,13,12,2,0,2,2,14,3,14
3,13,3,11,14,13,10,8,13,8,2,3
6,0,0,8,10,6,3,5,6,1,0,1
12,6,1,5,0,5,13,9,11,0,1,6
3,13,3,0,14,13,10,8,3,8,2,5
0,1,7,1,5,9,5,1,9,5,7,0
1,5,0,2,10,0,9,5,0,6,8,1
13,2,2,13,12,2,11,11,2,14,14,14
0,1,7,1,5,9,5,1,9,5,7,0
0,1,7,1,5,9,5,1,9,5,7,0
1,5,0,2,10,0,9,5,0,6,8,1
0,1,7,1,5,9,5,14,1,5,7,0
13,2,2,13,12,2,0,2,2,14,14,2
14,3,6,11,14,13,10,8,13,8,9,3
2,2,10,3,3,10,0,2,8,3,3,14
2,2,10,3,3,10,0,2,8,3,3,14
1,5,0,2,10,0,9,5,0,6,8,1
1,5,0,2,10,6,9,5,6,6,8,1
1,5,0,2,1,6,3,13,6,1,8,1
0,1,7,1,5,1,1,14,1,5,7,0
6,0,9,8,1,6,3,5,6,1,0,12
0,1,7,1,5,9,5,1,9,5,7,0
0,1,7,1,5,9,5,1,9,5,7,0
0,1,7,1,5,9,5,1,9,5,7,0
14,3,6,11,13,13,2,3,13,8,9,3
2,2,10,3,3,10,0,2,8,3,3,14
2,2,10,3,3,10,0,2,8,3,3,14
3,13,3,0,2,3,2,3,3,2,2,5
13,2,10,13,12,2,11,11,2,14,14,14
0,1,7,1,5,9,5,14,9,5,7,0
5,1,7,1,5,1,5,14,1,12,7,0
3,13,3,0,2,3,2,3,3,2,2,5
1,5,0,2,10,0,9,5,0,6,8,1
0,1,7,1,5,9,5,1,9,5,7,0
2,2,10,13,12,2,11,2,2,14,3,14
1,5,0,2,10,0,9,5,0,6,8,1
0,1,7,1,5,9,1,14,9,5,7,0
1,0,0,8,1,6,3,13,0,6,8,1
1,5,0,2,10,6,3,5,0,6,8,1
3,13,3,0,2,3,2,3,3,2,2,5
1,5,0,2,10,0,9,5,0,6,8,1
2,2,10,3,3,10,0,2,8,3,3,14
3,13,3,0,2,3,2,3,3,2,2,5
3,13,3,0,2,3,2,3,3,2,2,5
1,5,0,2,10,6,3,5,6,1,8,1
2,2,10,3,3,10,0,2,8,3,3,14
2,2,10,3,3,10,0,2,8,3,3,14
1,5,0,2,10,0,9,5,0,6,8,1
1,5,0,2,10,0,9,5,0,6,8,1
2,2,10,3,3,10,0,2,8,3,3,14
12,6,1,5,0,1,5,1,1,12,1,6
1,5,0,2,10,0,9,5,0,6,8,1
2,2,10,3,12,2,11,11,2,14,3,14
13,2,2,13,12,2,11,11,2,14,14,2
0,1,7,1,5,9,5,1,9,5,7,0
5,1,1,5,0,5,13,9,11,0,1,6
1,5,0,2,10,0,9,5,0,6,8,1
0,1,7,1,5,9,5,14,1,5,7,0
2,2,10,3,3,10,0,2,8,3,3,14
6,0,9,8,1,6,3,13,6,1,0,12
1,5,0,2,10,0,9,5,0,6,8,1
12,6,1,5,0,1,1,14,1,12,1,11
1,5,0,2,10,0,9,5,0,6,8,1
3,13,3,0,2,3,2,3,3,2,2,5
0,1,7,1,5,9,5,1,9,5,7,0
1,5,0,2,10,0,9,5,0,6,8,1
2,2,10,3,3,10,0,2,8,3,3,14
0,1,7,1,5,9,5,14,9,5,7,0
2,2,10,3,3,10,0,2,8,3,3,14
6,0,9,8,1,12,7,13,14,1,0,12
3,13,3,0,14,13,10,8,13,8,2,5
5,6,1,5,0,5,1,9,11,0,1,11
1,5,0,2,10,0,9,5,0,6,8,1
1,5,0,2,10,0,9,5,0,6,8,1
3,13,3,11,14,13,10,8,13,2,2,5
4,4,13,7,9,4,14,12,4,4,13,8
0,1,7,1,5,9,5,1,9,5,7,0
1,5,0,2,10,0,9,5,0,6,8,1
5,6,1,5,0,1,1,14,1,12,1,9
0,1,7,1,5,9,5,1,9,5,7,0
5,1,7,1,5,9,1,1,1,12,7,6
6,0,9,8,1,6,3,13,6,1,0,12
2,2,10,3,3,10,0,2,8,3,3,14
13,2,2,13,12,10,0,2,2,14,14,14
1,5,0,2,10,0,3,13,6,6,8,1
8,7,5,9,8,5,6,10,11,10,10,9
0,1,7,1,5,9,5,1,9,5,7,0
14,3,6,11,2,3,2,3,3,8,9,3
10,10,2,14,12,10,0,2,8,3,14,2
1,5,0,2,10,0,9,5,0,6,8,1
6,0,9,8,1,6,3,13,6,1,0,12
1,5,0,2,1,6,9,5,6,1,8,1
2,2,10,3,3,10,0,2,8,3,3,14
8,7,5,9,0,5,13,9,11,0,10,9
14,3,6,11,14,13,10,8,13,8,9,3
0,1,1,5,0,1,1,14,1,12,1,6
1,5,0,2,1,6,9,5,6,6,8,1
8,7,5,9,0,9,1,14,1,10,10,9
0,1,7,1,5,9,5,1,9,5,7,0
5,6,1,5,0,5,1,9,11,0,1,6
0,1,7,1,5,9,5,14,9,5,7,0
6,0,9,8,6,12,3,13,14,1,0,12
2,2,10,13,12,2,11,11,8,3,3,14
13,2,2,13,12,2,11,11,2,14,14,2
5,6,1,5,0,1,1,14,11,0,1,6
6,14,14,8,1,0,9,5,0,6,0,12
2,2,10,3,3,10,0,2,8,3,3,14
0,1,1,1,5,9,5,1,9,5,7,0
6,14,14,8,6,6,3,5,6,1,0,12
6,14,14,8,6,6,3,13,6,1,0,12
6,14,14,8,1,0,9,5,0,6,0,12
0,1,7,1,5,9,5,1,9,5,7,0
1,5,0,2,10,0,9,5,0,6,8,1
0,1,7,1,5,9,5,1,9,5,7,0
12,11,8,6,11,5,13,9,11,13,6,11
5,6,1,5,0,1,1,14,1,12,1,6
5,1,7,1,0,1,1,14,1,12,1,6
1,5,0,2,10,6,3,5,0,6,8,1
5,6,1,1,5,9,5,1,9,5,7,0
0,1,7,1,5,1,1,14,9,5,7,0
0,1,7,1,5,9,5,1,9,5,7,0
0,1,7,1,5,9,5,1,9,5,7,0
0,1,7,1,5,9,5,1,9,5,7,0
2,2,10,3,3,10,0,2,8,3,3,14
6,0,9,8,6,12,7,0,14,1,0,12
4,4,13,4,9,4,14,12,4,4,13,8
0,1,7,1,5,9,5,1,1,5,7,0
5,1,7,1,5,1,5,14,1,12,1,6
6,5,9,8,1,6,3,13,6,1,0,12
5,1,7,1,5,1,1,14,1,12,7,6
0,1,7,1,5,9,5,1,9,5,7,0
2,2,10,3,12,2,11,11,2,3,3,14
2,2,10,3,3,10,0,2,8,3,3,14
0,1,7,1,5,9,5,1,9,5,7,0
0,1,7,1,5,9,1,14,9,5,7,0
2,2,10,3,3,10,0,2,8,3,3,14
2,2,10,3,3,10,0,2,8,3,3,14
13,2,2,13,12,2,11,11,2,14,14,2
5,1,1,1,5,1,5,14,1,12,1,6
3,13,3,0,14,13,10,3,13,8,9,3
5,6,1,5,0,5,13,9,11,12,1,6
2,2,10,3,3,10,0,2,8,3,3,14
5,6,1,1,0,1,1,9,1,12,1,6
8,7,5,9,8,9,5,1,1,10,10,9
4,4,13,7,9,4,14,12,4,4,13,8
8,7,5,9,8,5,13,9,11,10,10,11
5,1,7,5,0,1,1,9,1,12,1,6
1,5,0,8,1,6,3,13,6,1,0,1
0,1,7,1,5,9,5,1,9,5,7,0
0,1,7,5,0,1,13,9,1,12,7,0
0,1,7,1,5,9,5,1,9,5,7,0
1,5,0,2,10,0,9,5,0,6,8,1
6,14,14,10,1,0,9,5,0,6,0,12
0,1,7,1,5,9,5,1,9,12,7,0
0,1,7,1,5,9,5,14,9,5,7,0
0,1,7,1,5,9,5,1,9,5,7,0
0,1,7,1,5,1,1,14,1,5,7,0
1,5,0,2,10,0,9,5,0,6,8,1
6,0,9,8,1,6,3,5,6,1,0,12
6,5,14,8,1,6,3,13,6,6,0,12
0,1,7,1,5,9,5,1,9,5,7,0
0,1,7,1,5,9,5,1,1,5,7,0
6,14,14,8,10,0,9,5,0,6,0,12
0,1,7,5,0,1,13,9,1,12,1,6
6,0,9,8,1,6,3,13,6,1,0,1
5,1,1,5,0,5,13,9,11,12,1,6
4,4,13,4,9,4,14,12,4,4,13,8
0,1,7,1,5,9,5,1,1,5,7,0
3,13,3,0,2,3,2,3,3,2,2,5
12,6,8,5,11,11,6,7,5,13,6,6
0,1,7,1,5,9,5,14,9,5,7,0
5,1,7,5,0,1,1,14,1,12,1,0
2,2,10,3,3,2,0,2,8,3,3,14
12,6,8,6,11,11,13,14,5,0,6,11
1,5,0,2,10,0,3,13,6,6,8,1
0,1,7,1,5,9,5,1,9,5,7,0
2,2,10,3,3,10,0,2,8,3,3,14
0,1,7,1,5,9,5,14,9,5,7,0
0,1,7,1,5,9,5,1,9,5,7,0
12,6,1,5,0,9,5,14,1,12,6,6
8,7,5,9,8,5,13,9,11,10,10,9
2,2,10,3,3,10,0,2,8,3,3,14
0,1,7,1,5,9,5,1,9,5,7,0
3,13,3,0,2,3,2,3,3,2,2,5
0,1,7,1,5,9,5,1,9,5,7,0
2,2,10,3,3,10,0,2,8,3,3,14
8,7,5,9,0,9,5,1,1,10,10,9
1,5,0,2,10,0,9,5,0,6,8,1
0,1,7,1,5,9,5,1,9,5,7,0
0,1,7,1,5,1,1,9,1,12,1,6
4,4,13,7,4,4,14,4,4,9,13,8
5,6,1,5,11,11,13,7,5,13,6,6
0,1,7,1,5,9,5,14,9,5,7,0
0,1,7,1,5,9,5,1,9,5,7,0
1,5,0,8,1,6,3,13,6,1,0,1
0,1,7,1,5,9,5,1,9,5,7,0
0,1,7,1,5,9,5,1,9,5,7,0
8,7,5,9,8,5,13,9,11,10,10,9
4,4,13,7,9,4,14,4,4,4,13,4
12,6,1,5,0,5,13,14,1,12,1,6
2,2,10,3,3,10,0,2,8,3,3,14
3,13,3,0,2,3,2,3,3,2,2,5
1,5,0,2,10,6,9,5,6,1,0,1
2,2,10,3,3,10,0,2,8,3,3,14
6,0,9,8,6,12,7,13,14,1,0,12
13,2,2,13,12,2,11,11,2,14,14,2
0,1,7,1,5,9,5,1,9,5,7,0
3,13,3,0,2,3,2,3,3,2,2,5
1,5,0,2,10,0,3,5,0,6,8,1
5,6,1,5,0,5,1,9,1,12,1,6
6,0,9,2,1,6,9,13,14,1,0,12
1,5,0,2,10,0,9,5,0,6,8,1
1,5,0,2,1,6,3,13,6,1,8,1
1,0,0,8,1,6,7,13,6,1,8,1
1,5,0,2,1,6,3,5,6,1,8,1
5,1,7,5,0,1,1,9,1,12,1,6
1,5,0,2,1,6,3,13,6,6,8,1
3,13,3,0,14,3,2,3,3,2,2,5
6,0,9,8,1,6,3,13,6,1,0,1
2,2,10,3,3,10,0,2,8,3,3,14
0,1,7,1,5,9,5,1,9,5,7,0
5,1,7,1,5,9,1,14,1,12,7,6
2,2,10,3,3,10,0,2,8,3,3,14
3,3,6,11,14,13,10,8,13,8,9,3
3,13,3,0,14,13,10,8,13,8,9,5
13,2,2,13,12,2,0,2,2,14,14,2
2,2,10,3,3,10,0,2,8,3,3,14
2,2,10,3,3,10,0,2,8,3,3,14
2,2,10,3,3,10,0,11,2,14,14,14
0,1,7,1,5,9,5,1,9,5,7,0
4,4,13,7,9,4,14,12,4,4,13,8
5,1,1,1,5,9,5,1,9,5,7,6
1,5,0,2,10,0,9,5,0,6,8,1
12,6,1,6,11,11,13,9,5,13,6,11
14,3,6,11,13,13,10,8,13,8,9,3
0,1,7,1,5,9,5,14,9,5,7,0
6,0,9,10,6,6,9,5,6,1,0,12
3,13,3,0,2,3,2,3,3,2,2,5
2,2,10,3,3,10,0,2,8,3,3,14
1,5,0,2,10,0,9,5,0,6,8,1
0,1,7,1,5,9,5,1,9,5,7,0
1,5,0,2,10,0,9,5,0,6,8,1
1,5,0,2,1,6,3,13,6,1,8,1
1,5,0,2,10,0,9,5,0,6,8,1
2,2,10,3,3,10,0,2,8,3,3,14
0,1,7,1,5,9,5,1,9,5,7,0
5,1,7,1,0,1,1,14,1,12,7,0
6,0,9,8,1,6,3,13,6,1,0,12
1,5,0,2,10,0,9,5,0,6,8,1
2,2,10,3,3,10,0,2,8,3,3,14
1,5,0,2,10,0,9,5,6,6,8,1
3,13,3,11,14,13,10,8,13,8,2,5
1,5,0,2,1,6,3,5,6,1,8,1
2,2,10,3,3,10,0,2,8,3,3,14
5,1,7,5,0,1,1,14,1,12,1,6
2,2,2,13,3,10,0,2,8,3,3,14
5,6,1,5,0,1,1,14,1,0,1,6
14,3,6,11,13,13,10,8,13,8,9,3
1,5,0,2,10,0,9,5,0,6,8,1
3,13,3,0,2,3,2,3,3,2,2,5
1,5,0,2,10,0,9,5,0,6,8,1
1,5,0,2,1,6,3,13,0,6,8,1
1,5,0,2,10,0,3,13,0,6,8,1
1,5,0,2,10,0,9,5,0,6,8,1
0,1,7,1,5,9,5,1,9,5,7,0
12,6,8,5,5,1,1,14,1,12,1,6
0,1,7,1,5,9,5,1,9,5,7,0
0,1,7,1,5,9,5,1,9,5,7,0
0,1,7,1,5,9,5,1,9,5,7,0
5,1,7,1,5,1,5,14,9,12,1,6
0,1,7,1,5,9,5,1,9,5,7,0
9,0,9,10,6,14,7,0,12,7,12,12
1,5,0,2,10,0,9,5,0,6,8,1
0,1,7,1,5,9,5,1,9,5,7,0
3,13,3,0,2,3,2,3,3,2,2,5
5,1,7,1,5,1,1,14,1,12,1,6
0,1,7,1,5,1,1,14,1,5,7,0
0,6,8,6,5,1,5,1,9,5,7,0
1,5,0,2,10,0,9,5,0,6,8,1
5,1,7,5,0,1,1,14,1,12,1,6
0,1,7,1,5,9,5,1,9,5,7,0
1,5,0,2,10,0,3,5,0,6,8,1
1,5,0,2,10,0,9,5,0,6,8,1
5,1,1,5,0,1,1,9,1,12,7,6
1,0,9,8,1,6,3,13,6,1,0,1
5,1,1,1,5,9,5,1,9,5,7,0
6,14,14,8,1,0,9,5,0,6,0,12
0,1,7,1,5,9,5,1,9,5,7,0
0,1,7,1,5,9,5,1,9,5,7,0
0,1,7,1,5,9,5,1,9,5,7,0
12,6,8,9,8,1,1,14,1,10,10,11
0,1,7,1,5,9,5,1,9,5,7,0
12,6,1,5,11,1,1,14,11,12,1,6
5,1,7,5,0,1,1,14,1,12,7,6
5,1,7,1,0,1,1,14,11,12,1,6
5,1,1,1,5,1,5,14,9,12,7,0
0,1,7,1,5,9,5,1,9,5,7,0
5,1,1,1,5,1,1,1,1,12,7,6
0,1,7,1,5,9,5,1,9,5,7,0
0,1,7,1,5,9,5,1,9,5,7,0
0,1,7,1,5,9,5,1,9,5,7,0
0,1,7,1,5,9,5,1,9,5,10,9
12,6,8,6,0,5,13,9,11,0,6,6
2,2,10,3,3,10,0,2,8,3,3,14
2,2,10,3,12,2,11,2,2,14,3,14
6,0,0,8,1,6,3,13,6,1,0,1
1,5,0,2,10,0,9,5,0,6,8,1
6,0,9,8,1,6,3,13,6,1,0,12
5,6,1,5,0,5,13,7,5,0,1,6
6,0,9,8,1,6,3,5,6,1,0,12
1,5,0,2,10,0,9,5,0,1,0,1
6,0,9,8,1,6,3,5,6,1,0,12
5,1,1,5,0,1,1,14,1,12,1,6
0,1,7,1,5,9,5,14,1,12,7,0
0,1,1,1,5,1,5,1,9,12,7,0
0,1,7,1,5,1,1,1,9,5,7,0
2,2,10,3,3,10,0,2,8,3,14,14
9,9,12,10,1,6,3,13,6,1,12,10
2,2,10,3,3,10,0,2,8,3,3,14
0,1,7,1,5,9,5,1,9,5,7,0
0,1,7,1,5,9,5,1,9,5,7,0
9,0,9,8,6,12,7,13,14,1,0,12
8,7,5,9,5,1,1,14,1,5,10,9
0,1,7,1,5,9,1,14,1,12,7,0
5,1,1,5,0,1,1,9,11,12,1,6
0,1,7,1,5,9,5,1,9,5,7,0
12,6,1,5,0,5,13,9,11,0,1,11
5,6,1,5,5,9,5,1,9,12,1,6
0,1,7,1,5,9,5,1,9,5,7,0
5,6,1,5,0,5,1,9,1,12,1,6
5,1,7,1,5,9,5,14,9,5,7,0
4,4,13,7,9,4,14,12,10,4,13,8
13,2,2,13,12,2,11,11,2,14,14,14
2,2,10,3,3,10,0,2,8,3,3,14
5,6,1,5,0,1,1,14,1,12,1,11
0,1,7,1,5,9,5,1,9,5,7,0
5,1,1,5,5,1,1,14,1,12,1,6
0,1,7,1,5,9,5,1,9,5,7,0
0,1,7,1,5,1,1,14,1,5,7,0
1,5,0,2,10,0,9,5,0,6,8,12
5,6,1,5,5,1,1,9,1,12,1,6
0,1,7,1,5,9,5,1,9,5,7,0
12,6,1,5,0,1,5,1,1,12,1,11
12,6,8,6,11,11,13,7,5,13,6,11
3,3,3,0,2,3,2,3,3,8,9,3
0,1,7,1,5,9,5,1,9,5,7,0
1,5,0,2,10,6,3,5,6,1,8,1
8,1,1,9,8,9,5,14,1,10,10,9
5,6,1,9,0,5,1,14,1,12,1,6
0,1,7,1,5,9,5,1,9,5,7,0
3,13,3,0,2,3,2,3,3,2,2,3
5,1,1,1,5,1,1,14,1,12,1,6
5,6,1,5,0,1,1,9,1,12,7,0
0,1,7,1,5,9,5,1,9,5,7,0
0,6,7,1,5,9,5,1,9,5,7,0
4,4,13,4,9,4,14,12,4,4,13,8
0,1,7,1,5,1,1,14,9,5,7,0
1,5,0,8,1,6,3,13,6,6,8,1
0,1,7,1,5,9,5,1,9,5,7,0
11,11,8,6,8,5,1,9,1,0,6,11
2,2,10,3,3,10,0,2,8,3,3,14
5,6,1,5,0,1,1,14,1,12,1,6
1,5,0,2,10,0,9,5,0,6,8,1
2,2,10,3,3,10,0,2,8,3,3,14
5,1,1,5,5,9,5,1,9,5,7,0
0,1,7,1,5,9,5,1,9,5,7,0
10,10,2,14,3,10,0,2,8,3,14,2
2,2,2,14,12,10,0,2,8,3,3,14
3,13,3,0,2,3,2,3,3,2,2,5
2,2,10,3,3,10,0,2,8,3,3,14
10,10,2,14,12,2,11,11,2,14,14,2
0,1,7,1,5,9,5,1,9,5,7,0
2,2,2,3,3,10,11,11,2,14,14,2
10,10,2,14,12,10,0,2,2,14,14,2
12,6,8,6,11,11,13,7,5,13,6,11
10,10,2,14,3,2,0,2,8,3,14,2
0,1,7,1,5,9,5,1,9,5,7,0
12,6,1,9,8,1,1,14,1,10,1,11
12,6,8,6,11,5,6,7,5,13,6,11
3,13,3,0,2,3,2,3,3,2,2,5
0,1,7,1,5,9,5,1,9,5,7,0
0,1,7,1,5,9,1,14,1,12,7,0
0,1,7,1,5,9,5,1,9,5,7,0
13,2,2,13,12,10,0,2,8,3,14,2
0,1,7,5,5,5,1,14,11,12,1,6
6,0,0,8,1,6,7,13,6,1,12,10
2,2,10,3,3,10,0,2,8,3,3,14
3,13,3,0,14,13,10,8,13,8,9,3
1,5,0,2,10,0,9,5,0,6,8,1
5,1,7,1,5,9,5,14,9,12,7,0
1,5,0,2,10,0,9,5,0,6,8,1
5,1,7,1,5,1,1,14,1,12,7,0
10,10,2,14,12,2,11,2,2,14,14,2
10,10,2,14,3,10,0,2,8,3,14,2
1,5,0,2,10,0,9,5,0,6,8,1
0,1,7,1,5,9,5,1,9,5,7,0
12,6,1,5,0,1,13,9,11,0,1,6
0,1,7,1,5,9,5,1,9,5,7,0
10,10,2,14,12,2,11,11,2,14,14,2
10,10,2,14,12,10,0,2,8,3,14,2
0,1,7,1,5,1,1,14,1,12,7,0
2,2,10,3,3,10,0,2,8,3,3,14
0,1,7,1,5,9,5,1,9,5,7,0
0,1,7,1,5,1,1,14,9,12,1,0
8,7,5,9,8,5,13,9,1,5,7,9
0,1,7,1,5,9,5,1,9,5,7,0
10,10,2,14,3,10,0,2,8,3,3,14
10,10,2,14,12,10,0,2,8,3,14,2
12,6,8,5,0,1,1,14,1,12,1,6
0,1,7,1,5,9,5,14,1,12,7,0
13,2,2,13,12,2,11,11,2,14,14,2
0,1,7,1,0,1,1,14,1,5,7,0
12,6,8,5,0,1,1,9,11,0,1,11
0,1,7,1,5,9,5,1,9,5,7,0
7,12,11,12,7,8,8,6,7,11,11,7
12,6,1,5,0,5,13,9,1,0,1,6
0,1,7,1,5,9,1,14,1,5,7,0
3,13,3,0,2,3,2,3,3,2,2,5
1,5,0,2,10,0,3,5,0,6,8,1
12,6,1,5,0,1,1,14,1,12,7,6
12,6,8,6,0,5,13,9,11,0,1,11
2,2,10,3,3,10,0,2,8,3,3,14
0,1,7,1,5,9,5,1,9,5,7,0
0,1,7,1,5,9,5,1,9,5,7,0
5,1,7,1,0,1,5,14,1,12,7,0
0,1,7,1,5,9,5,1,1,5,7,0
0,1,7,1,5,9,5,1,9,5,7,0
0,1,7,1,5,9,5,1,9,5,7,0
4,8,4,4,4,7,4,4,10,9,4,4
10,10,2,14,12,2,11,11,2,14,14,2
6,5,0,2,1,6,3,13,6,1,8,1
0,1,7,5,0,1,13,14,1,12,1,0
6,0,9,2,1,6,3,5,0,1,0,12
1,5,0,2,10,0,9,5,0,6,8,1
0,1,7,1,5,9,5,1,9,5,7,0
2,2,10,3,3,10,0,11,8,3,3,14
3,13,3,0,2,3,2,3,3,2,2,5
0,1,7,1,5,9,5,1,9,5,7,0
1,5,0,2,10,0,9,5,0,6,8,1
3,13,3,0,2,3,2,3,3,2,2,5
6,0,9,8,6,12,7,13,14,1,0,12
11,11,8,6,0,5,1,14,1,0,6,11
1,5,0,2,10,0,9,5,0,6,8,1
1,5,0,2,10,0,9,5,0,6,8,1
12,6,8,6,0,1,5,1,9,12,1,11
1,5,0,2,10,0,9,5,0,6,8,1
6,0,9,8,1,12,3,13,14,1,0,12
2,2,10,13,12,2,11,11,2,14,14,14
0,1,7,1,5,9,5,1,9,5,7,0
0,1,7,1,5,9,5,1,9,5,7,0
0,1,7,1,5,9,5,14,9,5,7,0
13,2,10,13,12,2,11,11,2,14,14,14
12,6,8,6,11,11,13,9,5,13,6,11
2,2,10,3,3,2,11,11,8,3,3,14
3,13,3,0,14,3,2,3,3,2,2,5
0,1,7,1,5,9,5,1,9,5,7,0
2,2,10,3,3,10,11,2,8,3,3,14
1,5,0,2,10,0,9,5,0,6,8,1
4,4,13,7,9,4,14,12,4,4,13,8
0,1,7,1,5,9,5,1,9,5,7,0
1,5,0,2,10,0,9,5,0,6,8,1
3,13,3,0,2,3,2,3,3,2,2,5
3,13,3,0,14,3,2,8,3,2,2,5
3,13,6,11,14,13,10,8,13,8,2,5
3,13,3,0,2,3,2,3,3,2,2,5
2,2,10,3,3,10,0,2,8,3,3,14
1,5,0,2,10,6,3,5,6,6,8,1
3,13,3,0,2,3,2,3,3,2,2,5
2,2,10,3,3,10,0,2,8,3,3,14
4,4,13,4,4,4,4,4,4,4,13,8
0,1,7,1,5,9,5,1,9,5,7,0
1,5,0,2,10,0,9,5,0,6,8,1
12,6,1,5,0,5,13,7,11,0,1,6
2,2,10,3,3,10,11,11,2,3,3,14
2,2,10,3,3,2,11,11,2,14,3,14
3,13,3,0,2,3,2,3,3,2,2,5
0,1,7,1,5,1,5,14,1,5,7,6
2,2,10,3,3,10,0,11,8,3,3,14
5,1,1,5,0,1,1,14,1,12,1,6
0,1,7,1,5,9,5,1,9,5,7,0
4,4,13,7,9,4,14,12,4,4,13,8
3,13,3,0,2,3,2,3,3,2,2,5
3,13,3,0,2,3,2,3,3,2,2,5
0,1,7,1,5,9,5,1,9,5,7,0
3,13,3,11,14,13,10,8,13,8,2,5
2,2,10,3,3,10,0,2,8,3,3,14
2,2,10,3,3,10,0,2,8,3,3,14
0,1,7,1,5,9,1,14,1,5,7,0
4,4,13,7,9,4,14,12,4,4,13,8
2,2,10,3,3,10,0,2,8,3,3,14
0,1,7,1,5,1,1,14,1,12,7,0
2,2,10,3,3,10,0,2,8,3,3,14
3,13,3,11,14,13,10,8,13,8,2,5
5,1,7,5,0,1,1,14,1,12,1,0
1,5,0,2,10,0,9,5,6,6,8,1
5,6,1,5,0,5,13,14,11,12,1,6
3,13,3,0,2,3,2,3,3,2,2,5
1,5,0,2,10,0,9,5,0,6,8,1
6,0,9,8,1,6,3,5,6,1,0,12
3,13,3,0,2,3,2,3,3,2,2,5
13,2,2,13,3,10,0,2,8,14,14,2
2,2,10,3,3,10,0,2,8,3,3,14
3,13,3,0,2,3,2,3,3,2,2,5
5,1,7,1,5,1,5,1,1,12,7,6
12,6,8,6,11,11,13,14,5,13,6,11
0,1,7,1,5,9,5,1,9,5,7,0
0,1,7,1,5,9,5,1,9,5,7,0
3,13,3,0,2,3,2,3,3,2,2,5
1,5,9,8,1,6,3,5,6,1,0,12
0,1,7,5,0,11,6,7,5,13,6,0
2,2,10,3,3,10,0,2,8,3,3,14
